22822;# doc = poezdka_v_frg.2.txt;;;;;;;;;;;;;;;;;;;
22823;;???????;???????;S f inan nom sg;;;   _???????_ ? ??? ;?;?;?;?;?;?;S;???????;S f inan nom sg;?;;;
22824;;?;?;PR;;;  ??????? _?_ ???  ;?;;;;;;PR;?;PR;?;;;
22825;;???;???;S f anim acc sg;;; ??????? ? _???_   ;?;?;?;;;;S;???;S f inan nonflex -;?;;;
22826;;;;;;;;;;;;;;;;;;;;
22827;# sent = 1613;;;;;;;;;;;;;;;;;;;
22828;# speaker = ?????????;;;;;;;;;;;;;;;;;;;
22829;# sent = 1614;;;;;;;;;;;;;;;;;;;
22830;;???;???;APRO - nom sg plen f -;;;   _???_ ?????? ??????? ????;?;?;?;;;;APRO;???;A - nom sg plen f -;?;;;
22831;;??????;??????;ANUM - nom sg plen f -;;;  ??? _??????_ ??????? ???? ??;?;?;?;?;?;?;A;??????;A - nom sg plen f -;?;;;
22832;;???????;???????;S f inan nom sg;;; ??? ?????? _???????_ ???? ?? ???????;?;?;?;?;?;?;S;???????;S f inan nom sg;?;;;
22833;;????;????;V ipf praet sg indic f -;;;??? ?????? ??????? _????_ ?? ??????? .;?;?;?;?;;;V;????;V ipf praet sg indic f -;?;;;
22834;;??;??;PR;;;?????? ??????? ???? _??_ ??????? . ;?;?;;;;;PR;??;PR;?;;;
22835;;???????;???????;S f inan acc sg;;;??????? ???? ?? _???????_ .  ;?;?;?;?;?;?;S;???????;S f inan acc sg;?;;;
22836;;.;.;PUNCT;;;;;;;;;;PUNCT;;;;;;
22837;;;;;;;;;;;;;;;;;;;;
22838;# sent = 1615;;;;;;;;;;;;;;;;;;;
22839;;???;???;SPRO n - nom sg;;;.   _???_ ???? … ???;?;?;?;;;;SPRO;???;S n - nom sg;?;;;
22840;;????;????;V ipf praet sg indic f -;;;  ??? _????_ … ??? ?????;?;?;?;?;;;V;????;V ipf praet sg indic f -;?;;;
22841;;…;…;PUNCT;;;;;;;;;;PUNCT;;;;;;
22842;;???;????;V ipf praet sg indic m -;;;??? ???? … _???_ ????? ?????? ??????;?;?;?;;;;V;????;V ipf praet sg indic m -;?;;;
22843;;?????;?????;ADV -;;;???? … ??? _?????_ ?????? ?????? —;?;?;?;?;?;;ADV;?????;ADV -;?;;;
22844;;??????;??????;A - nom sg plen m -;;;… ??? ????? _??????_ ?????? — ?????;?;?;?;?;?;?;A;??????;A - nom sg plen m -;?;;;
22845;;??????;??????;S m inan nom sg;;;??? ????? ?????? _??????_ — ????? ?;?;?;?;?;?;?;S;??????;S m inan nom sg;?;;;
22846;;—;—;PUNCT;;;;;;;;;;PUNCT;;;;;;
22847;;?????;?????;ADV -;;;?????? ?????? — _?????_ ? ???????? ????????;?;?;?;?;?;;ADV;?????;ADV -;?;;;
22848;;?;?;PR;;;?????? — ????? _?_ ???????? ???????? .;?;;;;;;PR;?;PR;?;;;
22849;;????????;????????;A - acc sg plen f -;;;— ????? ? _????????_ ???????? . ;?;?;?;?;?;?;A;????????;A - acc sg plen f -;?;;;
22850;;????????;????????;S f inan acc sg;;;????? ? ???????? _????????_ .  ;?;?;?;?;?;?;S;????????;S f inan acc sg;?;;;
22851;;.;.;PUNCT;;;;;;;;;;PUNCT;;;;;;
22852;;;;;;;;;;;;;;;;;;;;
22853;# sent = 1616;;;;;;;;;;;;;;;;;;;
22854;;?;?;PR;;;.   _?_ ??? ????????? ?????????;?;;;;;;PR;?;PR;?;;;
22855;;???;??;SPRO pl 1p - loc;;;  ? _???_ ????????? ????????? ,;?;?;?;;;;SPRO;??;SPRO pl 1p - loc;?;;;
22856;;?????????;?????????;V pf praet sg indic f -;;; ? ??? _?????????_ ????????? , ???;?;?;?;?;?;?;V;?????????;V pf praet sg indic f -;?;;;
22857;;?????????;?????????;S f inan nom sg;;;? ??? ????????? _?????????_ , ??? ??????????;?;?;?;?;?;?;S;?????????;S f inan nom sg;?;;;
22858;;,;,;PUNCT;;;;;;;;;;PUNCT;;;;;;
22859;;???;???;SPRO n - nom sg;;;????????? ????????? , _???_ ?????????? « ?????????;?;?;?;;;;SPRO;???;S n - nom sg;?;;;
22860;;??????????;??????????;V ipf praet sg indic n -;;;????????? , ??? _??????????_ « ????????? ????????;?;?;?;?;?;?;V;??????????;V ipf praet sg indic n -;?;;;
22861;;«;«;PUNCT;;;;;;;;;;PUNCT;;;;;;
22862;;?????????;?????????;A - nom sg plen f -;;;??? ?????????? « _?????????_ ???????? » ,;?;?;?;?;?;?;A;?????????;A - nom sg plen f -;?;;;
22863;;????????;????????;S f inan acc sg;;;?????????? « ????????? _????????_ » , ?????????;?;?;?;?;?;?;S;????????;S f inan acc sg;?;;;
22864;;»;»;PUNCT;;;;;;;;;;PUNCT;;;;;;
22865;;,;,;PUNCT;;;;;;;;;;PUNCT;;;;;;
22866;;?????????;?????????;S f inan nom sg;;;???????? » , _?????????_ ...  ;?;?;?;?;?;?;S;?????????;S f inan nom sg;?;;;
22867;;...;...;PUNCT;;;;;;;;;;PUNCT;;;;;;
22868;;;;;;;;;;;;;;;;;;;;
22869;# sent = 1617;;;;;;;;;;;;;;;;;;;
22870;"<distinct form=""";;;;;;;;;;;;;;;;;;;
22871;<dist>;???;;;;;;;;;;;;;;;;;;
22872;""">";;;;;;;;;;;;;;;;;;;
22873;;?;?;PR;;; ???  _?_  ????????? ????;?;;;;;;PR;?;S - - nonflex -;?;;;
22874;</distinct>;;;;;;;;;;;;;;;;;;;
22875;;?????????;?????????;S f inan loc sg;;; ?  _?????????_ ???? 15 ???????;?;?;?;?;?;?;S;?????????;S f inan gen sg;?;;;
22876;;????;????;V ipf praet sg indic n -;;;?  ????????? _????_ 15 ??????? :;?;?;?;?;;;V;????;V ipf praet sg indic n -;?;;;
22877;;15;15;NUM - - -;;; ????????? ???? _15_ ??????? : 3;5;1;;;;;NUM;15;NUM - - -;5;;;
22878;;???????;???????;S m anim gen pl;;;????????? ???? 15 _???????_ : 3 ???????;?;?;?;?;?;?;S;???????;S m anim gen pl;?;;;
22879;;:;:;PUNCT;;;;;;;;;;PUNCT;;;;;;
22880;;3;3;NUM - - -;;;15 ??????? : _3_ ??????? , ?;3;;;;;;NUM;3;NUM - - -;3;;;
22881;;???????;???????;S f anim nom pl;;;??????? : 3 _???????_ , ? ?????????;?;?;?;?;?;?;S;???????;S f anim gen sg;?;;;
22882;;,;,;PUNCT;;;;;;;;;;PUNCT;;;;;;
22883;;?;?;CONJ;;;3 ??????? , _?_ ????????? ???? ???????;?;;;;;;CONJ;?;CONJ;?;;;
22884;;?????????;?????????;SPRO - nom pl plen - -;;;??????? , ? _?????????_ ???? ??????? .;?;?;?;?;?;?;A;?????????;A - nom pl plen - -;?;;;
22885;;????;????;V ipf praet pl indic - -;;;, ? ????????? _????_ ??????? . ;?;?;?;?;;;V;????;V ipf praet pl indic - -;?;;;
22886;;???????;???????;S m anim nom pl;;;? ????????? ???? _???????_ .  ;?;?;?;?;?;?;S;???????;S m anim nom pl;?;;;
22887;;.;.;PUNCT;;;;;;;;;;PUNCT;;;;;;
22888;;;;;;;;;;;;;;;;;;;;
22889;# sent = 1618;;;;;;;;;;;;;;;;;;;
22890;;???????;???????;S f anim nom pl;;;.   _???????_ — ??? ????;?;?;?;?;?;?;S;???????;S f anim nom pl;?;;;
22891;;—;—;PUNCT;;;;;;;;;;PUNCT;;;;;;
22892;;???;???;SPRO n - nom sg;;; ??????? — _???_ ???? ? ,;?;?;?;;;;SPRO;???;S n - nom sg;?;;;
22893;;????;????;V ipf praet sg indic f -;;;??????? — ??? _????_ ? , ??????;?;?;?;?;;;V;????;V ipf praet sg indic f -;?;;;
22894;;?;?;SPRO sg 1p - nom;;;— ??? ???? _?_ , ?????? ??????;?;;;;;;SPRO;?;SPRO sg 1p - nom;?;;;
22895;;,;,;PUNCT;;;;;;;;;;PUNCT;;;;;;
22896;;??????;??????;S m anim nom sg;;;???? ? , _??????_ ?????? ????????? ,;?;?;?;?;?;?;S;??????;S m anim nom sg;?;;;
22897;;??????;???;APRO - gen sg plen m -;;;? , ?????? _??????_ ????????? , ?????;?;?;?;?;?;?;APRO;???;A - gen sg plen m -;?;;;
22898;;?????????;????????;S m inan gen sg;;;, ?????? ?????? _?????????_ , ????? ????;?;?;?;?;?;?;S;????????;S m inan gen sg;?;;;
22899;;,;,;PUNCT;;;;;;;;;;PUNCT;;;;;;
22900;;?????;?????;ADVPRO;;;?????? ????????? , _?????_ ???? ??????????? ,;?;?;?;?;?;;ADV;?????;ADV -;?;;;
22901;;????;????;V ipf praet sg indic f -;;;????????? , ????? _????_ ??????????? , ?;?;?;?;?;;;V;????;V ipf praet sg indic f -;?;;;
22902;;???????????;???????????;S f anim nom sg;;;, ????? ???? _???????????_ , ? ???????;?;?;?;?;?;?;S;???????????;S f anim nom sg;?;;;
22903;;,;,;PUNCT;;;;;;;;;;PUNCT;;;;;;
22904;;?;?;PR;;;???? ??????????? , _?_ ??????? ? ?? ??? ???;?;;;;;;PR;?;PR;?;;;
22905;;???????;???????;APRO - loc sg plen f -;;;??????????? , ? _???????_ ? ?? ??? ??? ?????;?;?;?;?;?;?;APRO;???????;A - loc sg plen f -;?;;;
22906;;?;?;SPRO sg 1p - nom;;;, ? ??????? _?_ ?? ??? ??? ????? ?;?;;;;;;SPRO;?;SPRO sg 1p - nom;?;;;
22907;;?? ??? ???;?? ??? ???;ADV -;;;? ??????? ? _?? ??? ???_ ????? ? ???;?;?;?; ;?;?;ADV;?? ??? ???;ADV -;?;;;
22908;;?????;???????;V ipf praes sg indic - 1p;;;??????? ? ?? ??? ??? _?????_ ? ??? ????;?;?;?;?;?;;V;???????;V ipf praes sg indic - 1p;?;;;
22909;;?;?;CONJ;;;? ?? ??? ??? ????? _?_ ??? ???? ..;?;;;;;;CONJ;?;CONJ;?;;;
22910;;???;???;ADV -;;;?? ??? ??? ????? ? _???_ ???? .. ???;?;?;?;;;;ADV;???;ADV -;?;;;
22911;;????;????;V ipf praet sg indic f -;;;????? ? ??? _????_ .. ??? ..;?;?;?;?;;;V;????;V ipf praet sg indic f -;?;;;
22912;;..;..;PUNCT;?????;;;;;;;;;PUNCT;;;;;;
22913;;???;???;INTJ;;;??? ???? .. _???_ .. ???? ???????;?;?;?;;;;S;???;S n inan loc sg;?;;;
22914;;..;..;PUNCT;?????;;;;;;;;;PUNCT;;;;;;
22915;;????;????;PART;;;.. ??? .. _????_ ??????? , ???;?;?;?;?;;;PART;????;PART;?;;;
22916;;???????;???????;S f anim nom sg;;;??? .. ???? _???????_ , ??? ?????????;?;?;?;?;?;?;S;???????;S f anim nom sg;?;;;
22917;;,;,;PUNCT;;;;;;;;;;PUNCT;;;;;;
22918;;???;???;CONJ;;;???? ??????? , _???_ ????????? . ;?;?;?;;;;CONJ;???;CONJ;?;;;
22919;;?????????;?????????;V pf praet sg indic n -;;;??????? , ??? _?????????_ .  ;?;?;?;?;?;?;V;?????????;V pf praet sg indic n -;?;;;
22920;;…;…;PUNCT;?????;;;;;;;;;PUNCT;;;;;;
22921;;;;;;;;;;;;;;;;;;;;
22922;# sent = 1619;;;;;;;;;;;;;;;;;;;
22923;;????????;?????????;V ipf praet sg indic m -;;;  . _????????_ ??? ????? ,;?;?;?;?;?;?;V;?????????;V ipf praet sg indic m -;?;;;
22924;;???;??;SPRO pl 1p -acc;;; . ???????? _???_ ????? , ???;?;?;?;;;;SPRO;??;SPRO pl 1p - loc;?;;;
22925;;?????;?????;S m anim nom sg;;;. ???????? ??? _?????_ , ??? ????;?;?;?;?;?;;S;?????;S m anim nom sg;?;;;
22926;;,;,;PUNCT;;;;;;;;;;PUNCT;;;;;;
22927;;???;???;SPRO n - nom sg;;;??? ????? , _???_ ???? ??? ?????;?;?;?;;;;SPRO;???;S n - nom sg;?;;;
22928;;????;????;S f anim nom sg;;;????? , ??? _????_ ??? ????? ????;?;?;?;?;;;S;????;S f anim nom sg;?;;;
22929;;???;???;APRO;;;, ??? ???? _???_ ????? ???? .;?;?;?;;;;APRO;???;A - nonflex - plen - -;?;;;
22930;;?????;????;S m anim gen sg;;;??? ???? ??? _?????_ ???? . ;?;?;?;?;?;;S;????;S m anim gen sg;?;;;
22931;;????;????;V ipf praet sg indic f -;;;???? ??? ????? _????_ .  ;?;?;?;?;;;V;????;V ipf praet sg indic f -;?;;;
22932;;.;.;PUNCT;;;;;;;;;;PUNCT;;;;;;
22933;;;;;;;;;;;;;;;;;;;;
22934;# sent = 1620;;;;;;;;;;;;;;;;;;;
22935;;???;???;PART;;;.   _???_ 3 ??????? ,;?;?;?;;;;PART;???;PART;?;;;
22936;;3;3;NUM - - -;;;  ??? _3_ ??????? , ?;3;;;;;;NUM;3;NUM - - -;3;;;
22937;;???????;???????;S f anim nom pl;;; ??? 3 _???????_ , ? ?????????;?;?;?;?;?;?;S;???????;S f anim nom pl;?;;;
22938;;,;,;PUNCT;;;;;;;;;;PUNCT;;;;;;
22939;;?;?;CONJ;;;3 ??????? , _?_ ????????? ??????? .;?;;;;;;CONJ;?;CONJ;?;;;
22940;;?????????;?????????;APRO - nom pl plen - -;;;??????? , ? _?????????_ ??????? . ;?;?;?;?;?;?;A;?????????;A - nom pl plen - -;?;;;
22941;;???????;???????;S m anim nom pl;;;, ? ????????? _???????_ .  ;?;?;?;?;?;?;S;???????;S m anim nom pl;?;;;
22942;;.;.;PUNCT;;;;;;;;;;PUNCT;;;;;;
22943;;;;;;;;;;;;;;;;;;;;
22944;# sent = 1621;;;;;;;;;;;;;;;;;;;
22945;# speaker = ?????????;;;;;;;;;;;;;;;;;;;
22946;# sent = 1622;;;;;;;;;;;;;;;;;;;
22947;"<span class=""note"">";;;;;;;;;;;;;;;;;;;
22948;<note>;?????;;;?????;;;;;;;;;;;;;;;
22949;;??;??;PART;;; ?????  _??_ ... ? ??;?;?;;;;;PART;??;PART;;;;
22950;;...;...;PUNCT;?????;;;;;;;;;PUNCT;;;;;;
22951;;?;?;SPRO sg 1p - nom;;; ?? ... _?_ ?? ?????-?? ??????;?;;;;;;SPRO;?;SPRO sg 1p - nom;?;;;
22952;;??;???;SPRO pl - - dat;;;?? ... ? _??_ ?????-?? ?????? ??????;?;?;;;;;SPRO;???;SPRO pl - - dat;?;;;
22953;;?????-??;?????-??;APRO -  acc pl plen - -;;;... ? ?? _?????-??_ ?????? ?????? ?;?;?;-;?;?;?;APRO;?????-??;A - nom pl plen - -;;;;
22954;;??????;??????;S f inan acc pl;;;? ?? ?????-?? _??????_ ?????? ? ;?;?;?;?;?;?;S;??????;S f inan nom pl;?;;;
22955;;??????;??????;V ipf praet sg indic f -;;;?? ?????-?? ?????? _??????_ ?  ??????;?;?;?;?;?;?;V;??????;V ipf praet sg indic f -;?;;;
22956;;?;?;PR;;;?????-?? ?????? ?????? _?_  ?????? ;?;;;;;;PR;?;PR;?;;;
22957;"<distinct form=""";;;;;;;;;;;;;;;;;;;
22958;<dist>;??????;;;;;;;;;;;;;;;?;;;
22959;""">";;;;;;;;;;;;;;;;;;;
22960;;???;???;S f inan loc sg;;; ??????  _???_  , ?????;?;?;?;;;;S;???;S f inan nonflex -;?;;;
22961;</distinct>;;;;;;;;;;;;;;;;;;;
22962;;,;,;PUNCT;;;;;;;;;;PUNCT;;;;;;
22963;;?????;?????;CONJ;;;???  , _?????_ ??? ???????????? ,;?;?;?;?;?;;CONJ;?????;CONJ;?;;;
22964;;???;???;SPRO pl - - nom;;; , ????? _???_ ???????????? , ???;?;?;?;;;;SPRO;???;SPRO pl - - nom;?;;;
22965;;????????????;????????????;V ipf praet pl indic - -;;;, ????? ??? _????????????_ , ??? ??;?;?;?;?;?;?;V;????????????;V ipf praet pl indic - -;?;;;
22966;;,;,;PUNCT;;;;;;;;;;PUNCT;;;;;;
22967;;???;???;CONJ;;;??? ???????????? , _???_ ?? ?????? ,;?;?;?;;;;CONJ;???;CONJ;?;;;
22968;;??;??;PR;;;???????????? , ??? _??_ ?????? , ???;?;?;;;;;PR;??;PR;?;;;
22969;;??????;??????;S f inan nom sg;;;, ??? ?? _??????_ , ??? ??;?;?;?;?;?;?;S;??????;S f inan nom sg;?;;;
22970;;,;,;PUNCT;;;;;;;;;;PUNCT;;;;;;
22971;;???;???;CONJ;;;?? ?????? , _???_ ?? ?????? ,;?;?;?;;;;CONJ;???;CONJ;?;;;
22972;;??;??;PR;;;?????? , ??? _??_ ?????? , ???;?;?;;;;;PR;??;PR;?;;;
22973;;??????;??????;S m inan nom pl;;;, ??? ?? _??????_ , ??? ???;?;?;?;?;?;?;S;??????;S m inan acc pl;?;;;
22974;;,;,;PUNCT;;;;;;;;;;PUNCT;;;;;;
22975;;???;???;CONJ;;;?? ?????? , _???_ ??? ???? ????;?;?;?;;;;CONJ;???;CONJ;?;;;
22976;;???;???;ADV -;;;?????? , ??? _???_ ???? ???? ,;?;?;?;;;;ADV;???;ADV -;?;;;
22977;;????;????;PRAEDIC;;;, ??? ??? _????_ ???? , ?;?;?;?;?;;;PRAEDIC;????;ADV -;?;;;
22978;;????;????;V ipf - - inf - -;;;??? ??? ???? _????_ , ? ???;?;?;?;?;;;V;????;V ipf - - inf - -;?;;;
22979;;,;,;PUNCT;;;;;;;;;;PUNCT;;;;;;
22980;;?;?;CONJ;;;???? ???? , _?_ ??? ????? ,;?;;;;;;CONJ;?;CONJ;?;;;
22981;;???;???;ADV -; ??????;;???? , ? _???_ ????? , ?;?;?;?;;;;ADV;???;ADV -;?;;;
22982;;?????;?????;ADV -;;;, ? ??? _?????_ , ? ???;?;?;?;?;?;;ADV;?????;ADV -;?;;;
22983;;,;,;PUNCT;;;;;;;;;;PUNCT;;;;;;
22984;;?;?;CONJ;;;??? ????? , _?_ ??? ????? ...;?;;;;;;CONJ;?;CONJ;?;;;
22985;;???;???;ADV -;??????;;????? , ? _???_ ????? ... ;?;?;?;;;;ADV;???;ADV -;?;;;
22986;;?????;?????;ADV -;;;, ? ??? _?????_ ...  ;?;?;?;?;?;;ADV;?????;ADV -;?;;;
22987;;...;...;PUNCT;?????;;;;;;;;;PUNCT;;;;;;
22988;;;;;;;;;;;;;;;;;;;;
22989;# sent = 1623;;;;;;;;;;;;;;;;;;;
22990;;??;??;PART;;;...   _??_ ... ? ???;?;?;;;;;PART;??;PART;?;;;
22991;;...;...;PUNCT;?????;;;;;;;;;PUNCT;;;;;;
22992;;?;?;CONJ;;; ?? ... _?_ ??? , ??????;?;;;;;;CONJ;?;CONJ;?;;;
22993;;???;??;SPRO pl 1p - dat;;;?? ... ? _???_ , ?????? ,;?;?;?;;;;SPRO;??;SPRO pl 1p - dat;?;;;
22994;;,;,;PUNCT;;;;;;;;;;PUNCT;;;;;;
22995;;??????;??????;PARENTH;;;? ??? , _??????_ , ????? ????????;?;?;?;?;?;?;ADV;??????;ADV -;?;;;
22996;;,;,;PUNCT;;;;;;;;;;PUNCT;;;;;;
22997;;?????;?????;PR;;;, ?????? , _?????_ ???????? ... ;?;?;?;?;?;;PR;?????;PR;?;;;
22998;;????????;??????;S m inan ins sg;;;?????? , ????? _????????_ ...  ;?;?;?;?;?;?;S;??????;S m inan ins sg;?;;;
22999;;...;...;PUNCT;?????;;;;;;;;;PUNCT;;;;;;
23000;;;;;;;;;;;;;;;;;;;;
23001;# sent = 1624;;;;;;;;;;;;;;;;;;;
23002;;????;????;V ipf praet sg indic n -;;;...   _????_ ???????? . ;?;?;?;?;;;V;????;V ipf praet sg indic n -;?;;;
23003;;????????;????????;S n inan nom sg;;;  ???? _????????_ .  ;?;?;?;?;?;?;S;????????;S n inan nom sg;?;;;
23004;;.;.;PUNCT;;;;;;;;;;PUNCT;;;;;;
23005;;;;;;;;;;;;;;;;;;;;
23006;# sent = 1625;;;;;;;;;;;;;;;;;;;
23007;;??;??;PR;;;.   _??_ ????? ???? ????;?;?;;;;;PR;??;PR;?;;;
23008;;?????;???;SPRO n - gen sg;;;  ?? _?????_ ???? ???? ??????;?;?;?;?;?;;SPRO;???;S n - gen sg;?;;;
23009;;????;????;PART;;; ?? ????? _????_ ???? ?????? ???;?;?;?;?;;;PART;????;PART;?;;;
23010;;????;????;V ipf praet pl indic - -;;;?? ????? ???? _????_ ?????? ??? ???????;?;?;?;?;;;V;????;V ipf praet pl indic - -;?;;;
23011;;??????;??????;APRO nom pl plen - -;;;????? ???? ???? _??????_ ??? ??????? ,;?;?;?;?;?;?;A;??????;A - nom pl plen - -;?;;;
23012;;???;???;PART;;;???? ???? ?????? _???_ ??????? , ?;?;?;?;;;;PART;???;PART;?;;;
23013;;???????;???????;S f inan nom pl;;;???? ?????? ??? _???????_ , ? ????;?;?;?;?;?;?;S;???????;S f inan nom pl;?;;;
23014;;,;,;PUNCT;;;;;;;;;;PUNCT;;;;;;
23015;;?;?;CONJ;;;??? ??????? , _?_ ???? ???? ...;?;;;;;;CONJ;?;CONJ;?;;;
23016;;????;????;PRAEDIC;;;??????? , ? _????_ ???? ... ?;?;?;?;?;;;PRAEDIC;????;ADV -;?;;;
23017;;????;????;V ipf praet sg indic n -;;;, ? ???? _????_ ... ? ??;?;?;?;?;;;V;????;V ipf praet sg indic n -;?;;;
23018;;...;...;PUNCT;;;;;;;;;;PUNCT;;;;;;
23019;;?;?;SPRO sg 1p - nom;;;???? ???? ... _?_ ?? ???????????? ?;?;;;;;;SPRO;?;SPRO sg 1p - nom;?;;;
23020;;??;???;SPRO pl - - dat;;;???? ... ? _??_ ???????????? ? ????????;?;?;;;;;SPRO;???;SPRO pl - - dat;?;;;
23021;;????????????;????????????;V ipf praet sg indic f -;;;... ? ?? _????????????_ ? ???????? ,;?;?;?;?;?;?;V;????????????;V ipf praet sg indic f -;?;;;
23022;;?;?;PR;;;? ?? ???????????? _?_ ???????? , ??;?;;;;;;PR;?;PR;?;;;
23023;;????????;????????;S f inan loc sg;;;?? ???????????? ? _????????_ , ?? ???????;?;?;?;?;?;?;S;????????;S f inan loc sg;?;;;
23024;;,;,;PUNCT;;;;;;;;;;PUNCT;;;;;;
23025;;??;??;PR;;;? ???????? , _??_ ??????? , ?;?;?;;;;;PR;??;PR;?;;;
23026;;???????;??????;S m inan loc pl;;;???????? , ?? _???????_ , ? ?????;?;?;?;?;?;?;S;??????;S m inan loc pl;?;;;
23027;;,;,;PUNCT;;;;;;;;;;PUNCT;;;;;;
23028;;?;?;PR;;;?? ??????? , _?_ ????? , ;?;;;;;;PR;?;PR;?;;;
23029;;?????;???????;S m anim loc pl;;;??????? , ? _?????_ ,  ??;?;?;?;?;?;;S;???????;S m anim loc pl;?;;;
23030;;,;,;PUNCT;;;;;;;;;;PUNCT;;;;;;
23031;"<distinct form=""";;;;;;;;;;;;;;;;;;;
23032;<dist>;??;;;;;;;;;;;;;;;;;;
23033;">																
	???	???	PR			 ??  _???_  ... ???	?	?	?				PR	???	PR	?
</distinct>																
	...	...	PUNCT										PUNCT			
	???	???	PR			???  ... _???_ ???? ?????? .	?	?	?				PR	???	PR	?
	????	???	S n - loc sg			 ... ??? _????_ ?????? . 	?	?	?	?			S	???	S n - loc sg	?
	??????	??????	A - loc sg plen n -			... ??? ???? _??????_ .  	?	?	?	?	?	?	A	??????	A - loc sg plen n -	?
	.	.	PUNCT										PUNCT			";;;;;;;;;;;;;;;;;;;
23034;;???;???;PR;;; ??  _???_  ... ???;?;?;?;;;;PR;???;PR;?;;;
23035;</distinct>;;;;;;;;;;;;;;;;;;;
23036;;...;...;PUNCT;;;;;;;;;;PUNCT;;;;;;
23037;;;;;;;;;;;;;;;;;;;;
23038;;,;,;PUNCT;;;;;;;;;;PUNCT;;;;;;
23039;;???;???;PR;;;???  ... _???_ ???? ?????? .;?;?;?;;;;PR;???;PR;?;;;
23040;;????;???;S n - loc sg;;; ... ??? _????_ ?????? . ;?;?;?;?;;;S;???;S n - loc sg;?;;;
23041;;??????;??????;A - loc sg plen n -;;;... ??? ???? _??????_ .  ;?;?;?;?;?;?;A;??????;A - loc sg plen n -;?;;;
23042;;.;.;PUNCT;;;;;;;;;;PUNCT;;;;;;
23043;;;;;;;;;;;;;;;;;;;;
23044;# sent = 1626;;;;;;;;;;;;;;;;;;;
23045;;?;?;CONJ;;;.   _?_ , ??????? ,;?;;;;;;CONJ;?;CONJ;?;;;
23046;;,;,;PUNCT;;;;;;;;;;PUNCT;;;;;;
23047;;???????;???????;PARENTH;;; ? , _???????_ , ????????? ???????;?;?;?;?;?;?;ADV;???????;ADV -;?;;;
23048;;,;,;PUNCT;;;;;;;;;;PUNCT;;;;;;
23049;;?????????;?????????;A - nom sg plen f -;;;, ??????? , _?????????_ ??????? ????? ????????;?;?;?;?;?;?;A;?????????;A - nom sg plen f -;?;;;
23050;;???????;???????;S f inan nom sg;;;??????? , ????????? _???????_ ????? ???????? .;?;?;?;?;?;?;S;???????;S f inan nom sg;?;;;
23051;;?????;?????;PR;;;, ????????? ??????? _?????_ ???????? . ;?;?;?;?;?;;PR;?????;PR;?;;;
23052;;????????;???????;S f inan ins sg;;;????????? ??????? ????? _????????_ .  ;?;?;?;?;?;?;S;???????;S f inan ins sg;?;;;
23053;;.;.;PUNCT;;;;;;;;;;PUNCT;;;;;;
23054;;;;;;;;;;;;;;;;;;;;
23055;# sent = 1627;;;;;;;;;;;;;;;;;;;
23056;# speaker = ?????????;;;;;;;;;;;;;;;;;;;
23057;# sent = 1628;;;;;;;;;;;;;;;;;;;
23058;;??;??;PART;;;   _??_ ???? ????????????? ?????;?;?;;;;;PART;??;PART;?;;;
23059;;????;????;APRO - nom sg plen m -;;;  ?? _????_ ????????????? ????? ???;?;?;?;?;;;APRO;????;A - nom sg plen m -;?;;;
23060;;?????????????;?????????????;A - nom sg plen m -;;; ?? ???? _?????????????_ ????? ??? ????????????;?;?;?;?;?;?;A;?????????????;A - nom sg plen m -;?;;;
23061;;?????;?????;S m anim nom sg;;;?? ???? ????????????? _?????_ ??? ???????????? ???????;?;?;?;?;?;;S;?????;S m anim nom sg;?;;;
23062;;???;???;CONJ;;;???? ????????????? ????? _???_ ???????????? ??????? :;?;?;?;;;;CONJ;???;CONJ;?;;;
23063;;????????????;????????????;S m anim nom sg;;;????????????? ????? ??? _????????????_ ??????? : ;?;?;?;?;?;?;S;????????????;S m anim nom sg;?;;;
23064;;???????;????????;V ipf praes sg indic - 3p;;;????? ??? ???????????? _???????_ :  ;?;?;?;?;?;?;V;????????;V ipf praes sg indic - 3p;?;;;
23065;;:;:;PUNCT;;;;;;;;;;PUNCT;;;;;;
23066;;;;;;;;;;;;;;;;;;;;
23067;# sent = 1629;;;;;;;;;;;;;;;;;;;
23068;# speaker = ?????????;;;;;;;;;;;;;;;;;;;
23069;# sent = 1630;;;;;;;;;;;;;;;;;;;
23070;;??;??;PART;;;   _??_ ??????? ?????? ????????????;?;?;;;;;PART;??;PART;?;;;
23071;;???????;??????;V ipf - pl imper - 2p;;;  ?? _???????_ ?????? ???????????? ????;?;?;?;?;?;?;V;??????;V ipf - pl imper - 2p;?;;;
23072;;??????;??????;ADV -;;; ?? ??????? _??????_ ???????????? ???? .;?;?;?;?;?;?;ADV;??????;ADV -;?;;;
23073;;????????????;????????????;V ipf - - inf - -;;;?? ??????? ?????? _????????????_ ???? . ;?;?;?;?;?;?;V;????????????;V ipf - - inf - -;?;;;
23074;;????;????;S f inan acc pl;;;??????? ?????? ???????????? _????_ .  ;?;?;?;?;;;S;????;S f inan acc pl;?;;;
23075;;.;.;PUNCT;;;;;;;;;;PUNCT;;;;;;
23076;;;;;;;;;;;;;;;;;;;;
23077;# sent = 1631;;;;;;;;;;;;;;;;;;;
23078;;??;??;SPRO sg 2p - nom;;;.   _??_ ??? ? —;?;?;;;;;SPRO;??;SPRO sg 2p - nom;?;;;
23079;;???;???;SPRO m anim nom sg;;;  ?? _???_ ? — ??????????;?;?;?;;;;S;???;S m anim nom sg;?;;;
23080;;?;?;PUNCT;;;;;;;;;;PUNCT;;;;;;
23081;;—;—;PUNCT;;;;;;;;;;PUNCT;;;;;;
23082;;??????????;??????????;V ipf praes sg indic - 3p;;;??? ? — _??????????_ ?????? ??????? .;?;?;?;?;?;?;V;??????????;V ipf praes sg indic - 3p;?;;;
23083;;??????;????;ANUM - acc sg plen m anim;;;? — ?????????? _??????_ ??????? . ;?;?;?;?;?;?;ANUM;????;A - acc sg plen m anim;?;;;
23084;;???????;???????;S m anim acc sg;;;— ?????????? ?????? _???????_ .  ;?;?;?;?;?;?;S;???????;S m anim acc sg;?;;;
23085;;.;.;PUNCT;;;;;;;;;;PUNCT;;;;;;
23086;;;;;;;;;;;;;;;;;;;;
23087;# sent = 1632;;;;;;;;;;;;;;;;;;;
23088;# speaker = ?????????;;;;;;;;;;;;;;;;;;;
23089;# sent = 1633;;;;;;;;;;;;;;;;;;;
23090;;?;?;SPRO sg 1p - nom;;;   _?_ ??????? . ;?;;;;;;SPRO;?;SPRO sg 1p - nom;?;;;
23091;;???????;???????;S m anim nom sg;;;  ? _???????_ .  ;?;?;?;?;?;?;S;???????;S m anim nom sg;?;;;
23092;;.;.;PUNCT;;;;;;;;;;PUNCT;;;;;;
23093;;;;;;;;;;;;;;;;;;;;
23094;# sent = 1634;;;;;;;;;;;;;;;;;;;
23095;# speaker = ?????????;;;;;;;;;;;;;;;;;;;
23096;# sent = 1635;;;;;;;;;;;;;;;;;;;
23097;;?;?;CONJ;;;   _?_ ?? ??? ?;?;;;;;;CONJ;?;CONJ;?;;;
23098;;??;??;SPRO sg 2p - nom;;;  ? _??_ ??? ? ;?;?;;;;;SPRO;??;SPRO sg 2p - nom;?;;;
23099;;???;???;SPRO m anim nom sg;;; ? ?? _???_ ?  ;?;?;?;;;;S;???;S m anim nom sg;?;;;
23100;;?;?;PUNCT;;;;;;;;;;PUNCT;;;;;;
23101;;;;;;;;;;;;;;;;;;;;
23102;# sent = 1636;;;;;;;;;;;;;;;;;;;
23103;# speaker = ?????????;;;;;;;;;;;;;;;;;;;
23104;# sent = 1637;;;;;;;;;;;;;;;;;;;
23105;;?;?;SPRO sg 1p - nom;;;   _?_ ??? ??? ???-??;?;;;;;;SPRO;?;SPRO sg 1p - nom;?;;;
23106;;???;???;PART;;;  ? _???_ ??? ???-?? .;?;?;?;;;;ADV;???;ADV -;?;;;
23107;;???;???;ADV -;;; ? ??? _???_ ???-?? . ;?;?;?;;;;ADV;???;ADV -;?;;;
23108;;???-??;???-??;SPRO m - nom sg;;;? ??? ??? _???-??_ .  ;?;?;-;?;?;?;S;???-??;S m - nom sg;?;;;
23109;;.;.;PUNCT;;;;;;;;;;PUNCT;;;;;;
23110;;;;;;;;;;;;;;;;;;;;
23111;# sent = 1638;;;;;;;;;;;;;;;;;;;
23112;# speaker = ?????????;;;;;;;;;;;;;;;;;;;
23113;# sent = 1639;;;;;;;;;;;;;;;;;;;
23114;;?;?;CONJ;;;   _?_ ????? ????? ??;?;;;;;;CONJ;?;CONJ;?;;;
23115;;?????;?????;CONJ;;;  ? _?????_ ????? ?? ????;?;?;?;?;?;;CONJ;?????;CONJ;?;;;
23116;;?????;?????;V pf praet sg indic f -;;; ? ????? _?????_ ?? ???? ???????;?;?;?;?;?;;A;??????;A - - sg brev f -;?;;;
23117;;??;??;PR;;;? ????? ????? _??_ ???? ??????? ,;?;?;;;;;PR;??;PR;?;;;
23118;;????;?;SPRO sg 1p - gen;;;????? ????? ?? _????_ ??????? , ?;?;?;?;?;;;SPRO;?;SPRO sg 1p - acc;?;;;
23119;;???????;???????;S f inan nom sg;;;????? ?? ???? _???????_ , ? ???????;?;?;?;?;?;?;S;???????;S f inan acc sg;?;;;
23120;;,;,;PUNCT;;;;;;;;;;PUNCT;;;;;;
23121;;?;?;SPRO sg 1p - nom;;;???? ??????? , _?_ ??????? : ;?;;;;;;SPRO;?;SPRO sg 1p - nom;?;;;
23122;;???????;???????;V pf praet sg indic f -;;;??????? , ? _???????_ :  ;?;?;?;?;?;?;V;???????;V pf praet sg indic f -;?;;;
23123;;:;:;PUNCT;;;;;;;;;;PUNCT;;;;;;
23124;;;;;;;;;;;;;;;;;;;;
23125;# sent = 1640;;;;;;;;;;;;;;;;;;;
23126;# speaker = ?????????;;;;;;;;;;;;;;;;;;;
23127;# sent = 1641;;;;;;;;;;;;;;;;;;;
23128;;?;?;CONJ;;;   _?_ ? ??? ?;?;;;;;;CONJ;?;CONJ;?;;;
23129;;?;?;SPRO sg 1p - nom;;;  ? _?_ ??? ? ;?;;;;;;SPRO;?;SPRO sg 1p - nom;?;;;
23130;;???;???;SPRO m anim nom sg;;; ? ? _???_ ?  ;?;?;?;;;;S;???;S m anim nom sg;?;;;
23131;;?;?;PUNCT;;;;;;;;;;PUNCT;;;;;;
23132;;;;;;;;;;;;;;;;;;;;
23133;# sent = 1642;;;;;;;;;;;;;;;;;;;
23134;;—;—;PUNCT;;;;;;;;;;PUNCT;;;;;;
23135;;?;?;SPRO sg 1p - nom;;;  — _?_ ???????? . ;?;;;;;;SPRO;?;SPRO sg 1p - nom;?;;;
23136;;????????;????????;V pf praet sg indic f -;;; — ? _????????_ .  ;?;?;?;?;?;?;V;????????;V pf praet sg indic f -;?;;;
23137;;.;.;PUNCT;;;;;;;;;;PUNCT;;;;;;
23138;;;;;;;;;;;;;;;;;;;;
23139;# sent = 1643;;;;;;;;;;;;;;;;;;;
23140;;—;—;PUNCT;;;;;;;;;;PUNCT;;;;;;
23141;;?;?;CONJ;;;  — _?_ ??? ? ?;?;;;;;;CONJ;?;CONJ;?;;;
23142;;???;???;SPRO m anim nom sg;;; — ? _???_ ? ? ;?;?;?;;;;S;???;S m - nom sg;?;;;
23143;;?;?;SPRO sg 1p - nom;;;— ? ??? _?_ ?  ;?;;;;;;SPRO;?;SPRO sg 1p - nom;?;;;
23144;;?;?;PUNCT;;;;;;;;;;PUNCT;;;;;;
23145;;;;;;;;;;;;;;;;;;;;
23146;# sent = 1644;;;;;;;;;;;;;;;;;;;
23147;# speaker = ?????????;;;;;;;;;;;;;;;;;;;
23148;# sent = 1645;;;;;;;;;;;;;;;;;;;
23149;;??;??;PART;;;   _??_ ?? ???? ??;?;?;;;;;PART;??;PART;?;;;
23150;;??;??;SPRO sg 2p - nom;;;  ?? _??_ ???? ?? ;?;?;;;;;SPRO;??;SPRO sg 2p - nom;?;;;
23151;;????;????;V ipf praes sg indic - 3p;;; ?? ?? _????_ ??  ???????;?;?;?;?;;;V;????;V ipf praes sg indic - 3p;?;;;
23152;;??;??;SPRO sg 2p - nom;;;?? ?? ???? _??_  ??????? ;?;?;;;;;SPRO;??;SPRO sg 2p - nom;?;;;
23153;"<span class=""note"">";;;;;;;;;;;;;;;;;;;
23154;<note>;???????;;;???????;;;;;;;;;;;;;;;
23155;</span>;;;;;;;;;;;;;;;;;;;
23156;;.;.;PUNCT;;;;;;;;;;PUNCT;;;;;;
23157;;;;;;;;;;;;;;;;;;;;
23158;# sent = 1646;;;;;;;;;;;;;;;;;;;
23159;;???;???;CONJ;;;.   _???_ ???? . ;?;?;?;;;;CONJ;???;CONJ;?;;;
23160;;????;????;V ipf praes sg indic - 3p;;;  ??? _????_ .  ;?;?;?;?;;;V;????;V ipf praes sg indic - 3p;?;;;
23161;;.;.;PUNCT;;;;;;;;;;PUNCT;;;;;;
23162;;;;;;;;;;;;;;;;;;;;
23163;# sent = 1647;;;;;;;;;;;;;;;;;;;
23164;;??;??;SPRO sg 2p - nom;;;.   _??_ ?????? ????????? ,;?;?;;;;;SPRO;??;SPRO sg 2p - nom;?;;;
23165;;??????;??????;S m anim nom sg;;;  ?? _??????_ ????????? , ??????;?;?;?;?;?;?;S;??????;S m anim nom sg;?;;;
23166;;?????????;????????;S m inan gen sg;;; ?? ?????? _?????????_ , ?????? ??????;?;?;?;?;?;?;S;????????;S m inan gen sg;?;;;
23167;;,;,;PUNCT;;;;;;;;;;PUNCT;;;;;;
23168;;??????;????????;V ipf - sg imper - 2p;;;?????? ????????? , _??????_ ?????? ? ????;?;?;?;?;?;?;V;????????;V ipf - sg imper - 2p;?;;;
23169;;??????;??????;PART;;;????????? , ?????? _??????_ ? ???? ,;?;?;?;?;?;?;PART;??????;PART;?;;;
23170;;?;?;PR;;;, ?????? ?????? _?_ ???? , ?;?;;;;;;PR;?;PR;?;;;
23171;;????;????;SPRO - - - loc;;;?????? ?????? ? _????_ , ? ????;?;?;?;?;;;SPRO;????;SPRO - - - loc;?;;;
23172;;,;,;PUNCT;;;;;;;;;;PUNCT;;;;;;
23173;;?;?;PR;;;? ???? , _?_ ???? ???? ???;?;;;;;;PR;?;PR;?;;;
23174;;????;??;SPRO sg 2p - gen;;;???? , ? _????_ ???? ??? ;?;?;?;?;;;SPRO;??;SPRO sg 2p - acc;?;;;
23175;;????;????;S f inan gen sg;;;, ? ???? _????_ ???  ???????;?;?;?;?;;;S;????;S f inan gen sg;?;;;
23176;;???;???;PRAEDIC;;;? ???? ???? _???_  ??????? ;?;?;?;;;;ADV;???;ADV -;?;;;
23177;"<span class=""note"">";;;;;;;;;;;;;;;;;;;
23178;<note>;???????;;;???????;;;;;;;;;;;;;;;
23179;</span>;;;;;;;;;;;;;;;;;;;
23180;;.;.;PUNCT;;;;;;;;;;PUNCT;;;;;;
23181;;;;;;;;;;;;;;;;;;;;
23182;# sent = 1648;;;;;;;;;;;;;;;;;;;
23183;# speaker = ?????????;;;;;;;;;;;;;;;;;;;
23184;# sent = 1649;;;;;;;;;;;;;;;;;;;
23185;;???;???;PART;;;   _???_ .  ;?;?;?;;;;PART;???;PART;?;;;
23186;;.;.;PUNCT;;;;;;;;;;PUNCT;;;;;;
23187;;;;;;;;;;;;;;;;;;;;
23188;# sent = 1650;;;;;;;;;;;;;;;;;;;
23189;;??;??;PART;;;.   _??_ ? ??? ???????????;?;?;;;;;PART;??;PART;?;;;
23190;;?;?;CONJ;;;  ?? _?_ ??? ??????????? —;?;;;;;;CONJ;?;CONJ;?;;;
23191;;???;??;SPRO pl 1p - acc;;; ?? ? _???_ ??????????? — ???;?;?;?;;;;SPRO;??;SPRO pl 1p - loc;?;;;
23192;;???????????;???????????;V ipf praet pl indic - -;;;?? ? ??? _???????????_ — ??? ?;?;?;?;?;?;?;V;???????????;V ipf praet pl indic - -;?;;;
23193;;—;—;PUNCT;;;;;;;;;;PUNCT;;;;;;
23194;;???;???;SPRO n - nom sg;;;??? ??????????? — _???_ ? ???????????? ???;?;?;?;;;;SPRO;???;S n - nom sg;?;;;
23195;;?;?;CONJ;;;??????????? — ??? _?_ ???????????? ??? ?????????????;?;;;;;;CONJ;?;CONJ;?;;;
23196;;????????????;????????????;S m anim nom sg;;;— ??? ? _????????????_ ??? ????????????? ?????-??;?;?;?;?;?;?;S;????????????;S m anim nom sg;?;;;
23197;;???;????;V ipf praet sg indic m -;;;??? ? ???????????? _???_ ????????????? ?????-?? ...;?;?;?;;;;V;????;V ipf praet sg indic m -;?;;;
23198;;?????????????;?????????????;A - nom sg plen m -;;;? ???????????? ??? _?????????????_ ?????-?? ... ;?;?;?;?;?;?;A;?????????????;A - nom sg plen m -;?;;;
23199;;?????-??;?????-??;APRO - nom sg plen m -;;;???????????? ??? ????????????? _?????-??_ ...  ;?;?;-;?;?;?;APRO;?????-??;A - nom sg plen m -;?;;;
23200;;...;...;PUNCT;?????;;;;;;;;;PUNCT;;;;;;
23201;;;;;;;;;;;;;;;;;;;;
23202;# sent = 1651;;;;;;;;;;;;;;;;;;;
23203;"<span class=""note"">";;;;;;;;;;;;;;;;;;;
23204;<note>;?????;;;?????;;;;;;;;;;;;;;;
23205;<span>;;;;;;;;;;;;;;;;;;;
23206;;;;;;;;;;;;;;;;;;;;
23207;;..;..;PUNCT;?????;;;;;;;;;PUNCT;;;;;;
23208;;???????????;???????????;V ipf praet pl indic - -;;;?????  .. _???????????_ ??? ????? ,;?;?;?;?;?;?;V;???????????;V ipf praet pl indic - -;?;;;
23209;;???;??;SPRO pl 1p -acc;;; .. ??????????? _???_ ????? , ?;?;?;?;;;;SPRO;??;SPRO pl 1p - loc;?;;;
23210;;?????;?????;ADV -;;;.. ??????????? ??? _?????_ , ? ?;?;?;?;?;?;;ADV;?????;ADV -;?;;;
23211;;,;,;PUNCT;;;;;;;;;;PUNCT;;;;;;
23212;;?;?;CONJ;;;??? ????? , _?_ ? ?????????? ???;?;;;;;;CONJ;?;CONJ;?;;;
23213;;?;?;PR;??????,  PARENTH;;????? , ? _?_ ?????????? ??? ???;?;;;;;;PR;?;PR;?;;;
23214;;??????????;?????????;S m inan loc sg;;;, ? ? _??????????_ ??? ??? ...;?;?;?;?;?;?;S;?????????;S m inan loc sg;?;;;
23215;;???;???;PART;;;? ? ?????????? _???_ ??? ... ???;?;?;?;;;;PART;???;PART;?;;;
23216;;???;????;APRO - nom sg plen f -;;;? ?????????? ??? _???_ ... ??? ??;?;?;?;;;;APRO;????;A - nom sg plen f -;?;;;
23217;;??;??;INTJ;;;... ??? ... _??_ .. ????? —;?;?;;;;;INTJ;??;INTJ;?;;;
23218;;..;..;PUNCT; ?????;;;;;;;;;PUNCT;;;;;;
23219;;???;???;CONJ;;;??? ??? ... _???_ ?? ????? ,;?;?;?;;;;CONJ;???;CONJ;?;;;
23220;;??;???;SPRO sg 3p f acc;;;??? ... ??? _??_ ????? , ?;?;?;;;;;SPRO;???;SPRO sg 3p f acc;?;;;
23221;;?????;?????;V ipf praet pl indic - -;;;... ??? ?? _?????_ , ? ???;?;?;?;?;?;;V;?????;V ipf praet pl indic - -;?;;;
23222;;,;,;PUNCT;;;;;;;;;;PUNCT;;;;;;
23223;;?;?;SPRO sg 1p - nom;;;?? ????? , _?_ ??? ?????? ...;?;;;;;;SPRO;?;SPRO sg 1p - nom;?;;;
23224;;???;???;ADV -;;;????? , ? _???_ ?????? ... ????;?;?;?;;;;ADV;???;ADV -;?;;;
23225;;??????;??????;V pf praet sg indic f -;;;, ? ??? _??????_ ... ???? ?????;?;?;?;?;?;?;V;??????;V pf praet sg indic f -;?;;;
23226;;...;...;PUNCT;?????;;;;;;;;;PUNCT;;;;;;
23227;;????;????;S f anim nom sg;;;??? ?????? ... _????_ ????? ?????? ...;?;?;?;?;;;S;????;S f anim nom sg;?;;;
23228;;?????;????;S m anim gen sg;;;?????? ... ???? _?????_ ?????? ... ?;?;?;?;?;?;;S;????;S - - acc sg;?;;;
23229;;??????;?????;S m anim dat sg;;;... ???? ????? _??????_ ... ? ???;?;?;?;?;?;?;S;?????;S m anim dat sg;?;;;
23230;;...;...;PUNCT;?????;;;;;;;;;PUNCT;;;;;;
23231;;?;?;PR;;;????? ?????? ... _?_ ??? ???????? ???????;?;;;;;;PR;?;PR;?;;;
23232;;???;???;SPRO sg 3p f gen;;;?????? ... ? _???_ ???????? ??????? ?????;?;?;?;;;;SPRO;???;SPRO sg 3p f acc;?;;;
23233;;????????;????????;ADV -;;;... ? ??? _????????_ ??????? ????? ??;?;?;?;?;?;?;ADV;????????;ADV -;?;;;
23234;;???????;???????;V pf praet sg indic f -;;;? ??? ???????? _???????_ ????? ?? ????;?;?;?;?;?;?;V;???????;V pf praet sg indic f -;?;;;
23235;;?????;?????;S f inan nom sg;;;??? ???????? ??????? _?????_ ?? ???? ????;?;?;?;?;?;;S;?????;S f inan nom sg;?;;;
23236;;??;??;PR;;;???????? ??????? ????? _??_ ???? ???? ??????????????;?;?;;;;;PR;??;PR;?;;;
23237;;????;????;APRO - gen pl plen - -;;;??????? ????? ?? _????_ ???? ?????????????? .;?;?;?;?;;;APRO;????;A - loc pl plen - -;?;;;
23238;;????;????;APRO - gen pl plen - -;;;????? ?? ???? _????_ ?????????????? . ;?;?;?;?;;;APRO;????;A - loc pl plen - -;?;;;
23239;;??????????????;??????????????;S n inan gen pl;;;?? ???? ???? _??????????????_ .  ;?;?;?;?;?;?;S;??????????????;S n inan gen pl;?;;;
23240;;.;.;PUNCT;;;;;;;;;;PUNCT;;;;;;
23241;;;;;;;;;;;;;;;;;;;;
23242;# sent = 1652;;;;;;;;;;;;;;;;;;;
23243;;«;«;PUNCT;;;;;;;;;;PUNCT;;;;;;
23244;;????;????;CONJ;;;  « _????_ ?? ? ..;?;?;?;?;;;CONJ;????;CONJ;?;;;
23245;;??;??;SPRO pl 2p - nom;;; « ???? _??_ ? .. ??????;?;?;;;;;SPRO;??;SPRO pl 2p - nom;?;;;
23246;;?;?;NONLEX;;;« ???? ?? _?_ .. ?????? ?;?;;;;;;NONLEX;?;S - - nonflex -;?;;;
23247;;..;..;PUNCT;?????;;;;;;;;;PUNCT;;;;;;
23248;;??????;?????;V pf fut pl indic - 2p;;;?? ? .. _??????_ ? ?????? ,;?;?;?;?;?;?;S;!;S f inan loc sg;?;;;
23249;;?;?;PR;;;? .. ?????? _?_ ?????? , ??;?;;;;;;PR;?;PR;?;;;
23250;;??????;??????;S f inan acc sg;;;.. ?????? ? _??????_ , ?? ??????;?;?;?;?;?;?;S;??????;S f inan acc sg;?;;;
23251;;,;,;PUNCT;;;;;;;;;;PUNCT;;;;;;
23252;;??;??;SPRO pl 2p - nom;;;? ?????? , _??_ ?????? ? ???? ,;?;?;;;;;SPRO;??;SPRO pl 2p - nom;?;;;
23253;;??????;?????;V ipf - pl imper - 2p;;;?????? , ?? _??????_ ? ???? , ???;?;?;?;?;?;?;V;?????;V ipf - pl imper - 2p;?;;;
23254;;? ????;? ????;ADV -;;;, ?? ?????? _? ????_ , ??? ??;?;?;?;?; ;?;ADV;? ????;ADV -;?;;;
23255;;,;,;PUNCT;;;;;;;;;;PUNCT;;;;;;
23256;;???;???;CONJ;;;?????? ? ???? , _???_ ?? ???? ????;?;?;?;;;;CONJ;???;CONJ;?;;;
23257;;??;??;PR;;;? ???? , ??? _??_ ???? ???? ??????;?;?;;;;;PR;??;PR;?;;;
23258;;????;??;SPRO pl 2p - ins;;;, ??? ?? _????_ ???? ?????? ??????;?;?;?;?;;;SPRO;??;SPRO pl 2p - ins;?;;;
23259;;????;????;V ipf praes sg indic - 3p;;;??? ?? ???? _????_ ?????? ?????? ,;?;?;?;?;;;V;????;V ipf praes sg indic - 3p;?;;;
23260;;??????;??????;APRO - nom sg plen f -;;;?? ???? ???? _??????_ ?????? , ???????;?;?;?;?;?;?;A;??????;A - nom sg plen f -;?;;;
23261;;??????;??????;S f inan nom sg;;;???? ???? ?????? _??????_ , ??????? ??????????;?;?;?;?;?;?;S;??????;S f inan nom sg;?;;;
23262;;,;,;PUNCT;;;;;;;;;;PUNCT;;;;;;
23263;;???????;???????;APRO - nom sg plen f -;;;?????? ?????? , _???????_ ?????????? ??? ????;?;?;?;?;?;?;APRO;???????;A - nom sg plen f -;?;;;
23264;;??????????;??????????;V ipf praes sg indic - 3p;;;?????? , ??????? _??????????_ ??? ???? ?????????;?;?;?;?;?;?;V;??????????;V ipf praes sg indic - 3p;?;;;
23265;;???;????;APRO -  acc pl plen - -;;;, ??????? ?????????? _???_ ???? ????????? »;?;?;?;;;;APRO;????;A - nom pl plen - -;?;;;
23266;;????;???;APRO - acc pl plen - -;;;??????? ?????????? ??? _????_ ????????? » .;?;?;?;?;;;APRO;???;A - nom pl plen - -;?;;;
23267;;?????????;????????;S m inan acc pl;;;?????????? ??? ???? _?????????_ » . ;?;?;?;?;?;?;S;????????;S m inan nom pl;?;;;
23268;;»;»;PUNCT;;;;;;;;;;PUNCT;;;;;;
23269;;.;.;PUNCT;;;;;;;;;;PUNCT;;;;;;
23270;;;;;;;;;;;;;;;;;;;;
23271;# sent = 1653;;;;;;;;;;;;;;;;;;;
23272;;??;??;PART;;;.   _??_ ... ? ...;?;?;;;;;PART;??;PART;?;;;
23273;;...;...;PUNCT; ?????;;;;;;;;;PUNCT;;;;;;
23274;;?;?;CONJ;;; ?? ... _?_ ...  ;?;;;;;;CONJ;?;CONJ;?;;;
23275;;...;...;PUNCT;?????;;;;;;;;;PUNCT;;;;;;
23276;;;;;;;;;;;;;;;;;;;;
23277;# sent = 1654;;;;;;;;;;;;;;;;;;;
23278;;????;????;S f anim nom sg;;;...   _????_ , ??-????? ,;?;?;?;?;;;S;????;S f anim nom sg;?;;;
23279;;,;,;PUNCT;;;;;;;;;;PUNCT;;;;;;
23280;;??-?????;??-?????; PARENTH;;; ???? , _??-?????_ , ?? ?????;?;?;?;?;?;-;ADV;??-?????;ADV -;?;;;
23281;;,;,;PUNCT;;;;;;;;;;PUNCT;;;;;;
23282;;??;???;SPRO sg 3p f acc;;;, ??-????? , _??_ ????? ... ?;?;?;;;;;SPRO;???;SPRO sg 3p f acc;?;;;
23283;;?????;?????;V ipf praet pl indic - -;;;??-????? , ?? _?????_ ... ? ???;?;?;?;?;?;;V;?????;V ipf praet pl indic - -;?;;;
23284;;...;...;PUNCT;?????;;;;;;;;;PUNCT;;;;;;
23285;;?;?;CONJ;;;?? ????? ... _?_ ??? ??? ...;?;;;;;;CONJ;?;CONJ;?;;;
23286;;???;???;PART;;;????? ... ? _???_ ??? ... ???;?;?;?;;;;PART;???;PART;?;;;
23287;;???;???;SPRO sg 3p f nom;;;... ? ??? _???_ ... ??? ????-??;?;?;?;;;;SPRO;???;SPRO sg 3p f nom;?;;;
23288;;...;...;PUNCT;?????;;;;;;;;;PUNCT;;;;;;
23289;;???;??;SPRO pl 1p -  acc;;;??? ??? ... _???_ ????-?? ... ??;?;?;?;;;;SPRO;??;SPRO pl 1p - loc;?;;;
23290;;????-??;????-??;ADVPRO;;;??? ... ??? _????-??_ ... ?? ?;?;?;-;?;?;?;ADV;????-??;ADV -;?;;;
23291;;...;...;PUNCT;?????;;;;;;;;;PUNCT;;;;;;
23292;;??;??;SPRO pl 1p - nom;;;??? ????-?? ... _??_ ? ?????-?? ?????????;?;?;;;;;SPRO;??;SPRO pl 1p - nom;?;;;
23293;;?;?;PR;;;????-?? ... ?? _?_ ?????-?? ????????? ????;?;;;;;;PR;?;PR;?;;;
23294;;?????-??;?????-??;APRO - loc sg plen m -;;;... ?? ? _?????-??_ ????????? ???? ???;?;?;-;?;?;?;APRO;?????-??;A - loc sg plen m -;?;;;
23295;;?????????;?????????;A - loc sg plen m -;;;?? ? ?????-?? _?????????_ ???? ??? ????????????;?;?;?;?;?;?;A;?????????;A - loc sg plen m -;?;;;
23296;;????;???;S m inan loc sg;;;? ?????-?? ????????? _????_ ??? ???????????? ...;?;?;?;?;;;S;???;S m inan loc sg;?;;;
23297;;???;???;ADVPRO;;;?????-?? ????????? ???? _???_ ???????????? ... ?;?;?;?;;;;ADV;???;ADV -;?;;;
23298;;????????????;????????????;V pf praet pl indic - -;;;????????? ???? ??? _????????????_ ... ? ?????;?;?;?;?;?;?;V;????????????;V pf praet pl indic - -;?;;;
23299;;...;...;PUNCT;?????;;;;;;;;;PUNCT;;;;;;
23300;;?;?;CONJ;;;??? ???????????? ... _?_ ????? ??? ?????;?;;;;;;CONJ;?;CONJ;?;;;
23301;;?????;?????;ADV -;;;???????????? ... ? _?????_ ??? ????? ?;?;?;?;?;?;;ADV;?????;ADV -;?;;;
23302;;???;???;SPRO sg 3p f nom;;;... ? ????? _???_ ????? ? ...;?;?;?;;;;SPRO;???;SPRO sg 3p f nom;?;;;
23303;;?????;????;S f inan ins sg;;;? ????? ??? _?????_ ? ... ????????;?;?;?;?;?;;S;????;S f inan ins sg;?;;;
23304;;?;?;PR;;;????? ??? ????? _?_ ... ???????? ??;?;;;;;;PR;?;PR;?;;;
23305;;...;...;PUNCT;?????;;;;;;;;;PUNCT;;;;;;
23306;;????????;?????????;V ipf praes sg indic - 3p;;;????? ? ... _????????_ ?? ??? ?;?;?;?;?;?;?;V;?????????;V ipf praes sg indic - 3p;?;;;
23307;;??;??;PR;;;? ... ???????? _??_ ??? ? ???????;?;?;;;;;PR;??;PR;?;;;
23308;;???;?;SPRO sg 1p - dat;;;... ???????? ?? _???_ ? ??????? :;?;?;?;;;;SPRO;?;SPRO sg 1p - dat;?;;;
23309;;?;?;CONJ;;;???????? ?? ??? _?_ ??????? : «;?;;;;;;CONJ;?;CONJ;?;;;
23310;;???????;????????;V ipf praes sg indic - 3p;;;?? ??? ? _???????_ : « ??;?;?;?;?;?;?;V;????????;V ipf praes sg indic - 3p;?;;;
23311;;:;:;PUNCT;;;;;;;;;;PUNCT;;;;;;
23312;;«;«;PUNCT;;;;;;;;;;PUNCT;;SPRO sg 3p m nom;?;;;
23313;;??;??;SPRO sg 2p - nom;;;??????? : « _??_ ?????? ??? ,;?;?;;;;;SPRO;??;S m anim nom sg;?;;;
23314;;??????;?????;V ipf praes sg indic - 2p;;;: « ?? _??????_ ??? , ?;?;?;?;?;?;?;V;?????;A - gen sg plen f -;?;;;
23315;;???;???;CONJ;;;« ?? ?????? _???_ , ? ??????;?;?;?;;;;CONJ;???;S f inan loc sg;?;;;
23316;;,;,;PUNCT;;;;;;;;;;PUNCT;;A - gen sg plen f -;?;;;
23317;;?;?;SPRO sg 1p - nom;;;?????? ??? , _?_ ?????? ????? ,;?;;;;;;SPRO;?;S f inan gen sg;?;;;
23318;;??????;??????;ADV -;;;??? , ? _??????_ ????? , ????;?;?;?;?;?;?;ADV;??????;;;;;
23319;;?????;???????;V ipf praes sg indic - 1p;;;, ? ?????? _?????_ , ???? ??;?;?;?;?;?;;V;???????;V pf praet sg indic f -;?;;;
23320;;,;,;PUNCT;;;;;;;;;;PUNCT;;CONJ;?;;;
23321;;????;?;SPRO sg 1p - acc;;;?????? ????? , _????_ ?? ???????? ??????;?;?;?;?;;;SPRO;?;SPRO sg 3p f nom;?;;;
23322;;??;??;PART;;;????? , ???? _??_ ???????? ?????? ???????;?;?;;;;;PART;??;V ipf praes sg indic - 3p;?;;;
23323;;????????;?????????;V pf fut pl indic - 3p;;;, ???? ?? _????????_ ?????? ??????? ,;?;?;?;?;?;?;V;?????????;;;;;
23324;;??????;??????;ADVPRO;;;???? ?? ???????? _??????_ ??????? , ????;?;?;?;?;?;?;ADV;??????;A - gen sg plen f -;?;;;
23325;;???????;???????;ADV -;;;?? ???????? ?????? _???????_ , ???? ????????;?;?;?;?;?;?;ADV;???????;A - nom sg plen m -;?;;;
23326;;,;,;PUNCT;;;;;;;;;;PUNCT;;S m anim nom sg;?;;;
23327;;????;?;SPRO sg 1p - acc;;;?????? ??????? , _????_ ???????? » .;?;?;?;?;;;SPRO;?;V ipf praet sg indic m -;?;;;
23328;;????????;??????????;V ipf praes pl indic - 3p;;;??????? , ???? _????????_ » . ;?;?;?;?;?;?;V;??????????;;;;;
23329;;»;»;PUNCT;;;;;;;;;;PUNCT;;;;;;
23330;;.;.;PUNCT;;;;;;;;;;PUNCT;;;;;;
23331;;;;;;;;;;;;;;;;S m inan gen sg;?;;;
23332;# sent = 1655;;;;;;;;;;;;;;;;;;;
23333;;?;?;CONJ;;;.   _?_ ?????? . ;?;;;;;;CONJ;?;ADV -;?;;;
23334;;??????;???????;V ipf praes sg indic - 3p;;;  ? _??????_ .  ;?;?;?;?;?;?;V;???????;;;;;
23335;;.;.;PUNCT;;;;;;;;;;PUNCT;;CONJ;?;;;
23336;;;;;;;;;;;;;;;;A - nom sg plen m -;?;;;
23337;# sent = 1656;;;;;;;;;;;;;;;;;;;
23338;;?;?;SPRO sg 1p - nom;;;.   _?_ ?????? : «;?;;;;;;SPRO;?;PART;?;;;
23339;;??????;????????;V ipf praes sg indic - 1p;;;  ? _??????_ : « ??;?;?;?;?;?;?;V;????????;A - nom sg plen m -;?;;;
23340;;:;:;PUNCT;;;;;;;;;;PUNCT;;PART;?;;;
23341;;«;«;PUNCT;;;;;;;;;;PUNCT;;V ipf praes pl indic - 3p;?;;;
23342;;??;??;PART;;;?????? : « _??_ ??? ?? .;?;?;;;;;PART;??;;;;;
23343;;???;???; ADVPRO;;;: « ?? _???_ ?? . ;?;?;?;;;;CONJ;???;;;;;
23344;;??;??;SPRO sg 2p - nom;;;« ?? ??? _??_ .  ;?;?;;;;;SPRO;??;;;;;
23345;;.;.;PUNCT;;;;;;;;;;PUNCT;;PART;?;;;
23346;;;;;;;;;;;;;;;;;;;;
23347;# sent = 1657;;;;;;;;;;;;;;;V pf praet sg indic m -;?;;;
23348;;??;??;PART;;;.   _??_ ?????? ???? ??;?;?;;;;;PART;??;A - nom sg plen m -;?;;;
23349;;??????;?????;APRO - gen sg plen n -;;;  ?? _??????_ ???? ?? ?????;?;?;?;?;?;?;APRO;?????;S m anim nom sg;?;;;
23350;;????;????;V ipf - - inf - -;;; ?? ?????? _????_ ?? ????? »;?;?;?;?;;;V;????;;;;;
23351;;??;??;PART;;;?? ?????? ???? _??_ ????? » .;?;?;;;;;PART;??;SPRO pl 1p - nom;?;;;
23352;;?????;????;V ipf praes sg indic - 3p;;;?????? ???? ?? _?????_ » . ;?;?;?;?;?;;V;????;ADV -;?;;;
23353;;»;»;PUNCT;;;;;;;;;;PUNCT;;PR;?;;;
23354;;.;.;PUNCT;;;;;;;;;;PUNCT;;SPRO sg 3p m ins;?;;;
23355;;;;;;;;;;;;;;;;ADV -;?;;;
23356;# sent = 1658;;;;;;;;;;;;;;;ADV -;?;;;
23357;;??;??;PART;;;.   _??_ , ?????? ??????;?;?;;;;;PART;??;V ipf praet pl indic - -;?;;;
23358;;,;,;PUNCT;;;;;;;;;;PUNCT;;;;;;
23359;;??????;??????;PARENTH; ??????;; ?? , _??????_ ?????? , ???;?;?;?;?;?;?;ADV;??????;SPRO pl 1p - nom;?;;;
23360;;??????;????????; PARENTH;;;?? , ?????? _??????_ , ??? ????????;?;?;?;?;?;?;V;????????;V pf praet pl indic - -;?;;;
23361;;,;,;PUNCT;;;;;;;;;;PUNCT;;PR;?;;;
23362;;???;???;SPRO sg 3p f nom;;;?????? ?????? , _???_ ???????? ???????? .;?;?;?;;;;SPRO;???;SPRO sg 3p m dat;?;;;
23363;;????????;????????;ADV -;;;?????? , ??? _????????_ ???????? . ;?;?;?;?;?;?;ADV;????????;ADV -;?;;;
23364;;????????;????????;V pf praet sg indic f -;;;, ??? ???????? _????????_ .  ;?;?;?;?;?;?;V;????????;;;;;
23365;;.;.;PUNCT;;;;;;;;;;PUNCT;;CONJ;?;;;
23366;;;;;;;;;;;;;;;;CONJ;?;;;
23367;# sent = 1659;;;;;;;;;;;;;;;SPRO pl 1p - nom;?;;;
23368;;?? ????;?? ????;CONJ;;;.   _?? ????_ ??? ??? ???;?;?;?;?; ;?;CONJ;?? ????;V pf praet pl indic - -;?;;;
23369;;???;????;APRO - nom pl plen - -;;;  ?? ???? _???_ ??? ??? ??????????????;?;?;?;;;;APRO;????;;;;;
23370;;???;???;PART;;; ?? ???? ??? _???_ ??? ?????????????? ,;?;?;?;;;;PART;???;V pf praet pl indic - -;?;;;
23371;;???;????;APRO - nom pl plen - -;;;?? ???? ??? ??? _???_ ?????????????? , ???;?;?;?;;;;APRO;????;PR;?;;;
23372;;??????????????;??????????????;S n inan nom pl;;;??? ??? ??? _??????????????_ , ??? ????;?;?;?;?;?;?;S;??????????????;;;;;
23373;;,;,;PUNCT;;;;;;;;;;PUNCT;;INTJ;?;;;
23374;;???;???;ADVPRO;;;??? ?????????????? , _???_ ???? ????? ,;?;?;?;;;;CONJ;???;;;;;
23375;;????;????;SPRO - - - acc;;;?????????????? , ??? _????_ ????? , ???;?;?;?;?;;;SPRO;????;PART;?;;;
23376;;?????;?????;V ipf - - inf - -;;;, ??? ???? _?????_ , ??? ??;?;?;?;?;?;;V;?????;S f inan nom sg;?;;;
23377;;,;,;PUNCT;;;;;;;;;;PUNCT;;;;;;
23378;;???;???;CONJ;;;???? ????? , _???_ ?? ?????? ,;?;?;?;;;;CONJ;???;ADV -;?;;;
23379;;??;??;PART;;;????? , ??? _??_ ?????? , ???;?;?;;;;;PART;??;;;;;
23380;;??????;??????;V ipf - - inf - -;;;, ??? ?? _??????_ , ??? ??????;?;?;?;?;?;?;V;??????;V ipf praet sg indic m -;?;;;
23381;;,;,;PUNCT;;;;;;;;;;PUNCT;;A - acc sg plen m inan;?;;;
23382;;???;???;CONJ;;;?? ?????? , _???_ ?????? . ;?;?;?;;;;CONJ;???;S m inan acc sg;?;;;
23383;;??????;??????;V ipf - - inf - -;;;?????? , ??? _??????_ .  ;?;?;?;?;?;?;V;??????;;;;;
23384;;.;.;PUNCT;;;;;;;;;;PUNCT;;A - nom sg plen m -;?;;;
23385;;;;;;;;;;;;;;;;S f inan gen pl;?;;;
23386;# sent = 1660;;;;;;;;;;;;;;;;;;;
23387;;?;?;CONJ;;;.   _?_ ????? ?? ????????;?;;;;;;CONJ;?;;;;;
23388;;?????;?????;CONJ;;;  ? _?????_ ?? ???????? ???????;?;?;?;?;?;;CONJ;?????;;;;;
23389;;??;??;SPRO pl 1p - nom;;; ? ????? _??_ ???????? ??????? ,;?;?;;;;;SPRO;??;CONJ;?;;;
23390;;????????;????????;V pf praet pl indic - -;;;? ????? ?? _????????_ ??????? , ?;?;?;?;?;?;?;V;????????;;;;;
23391;;???????;???????;ADV -;;;????? ?? ???????? _???????_ , ? ?????????;?;?;?;?;?;?;ADV;???????;ADV -;?;;;
23392;;,;,;PUNCT;;;;;;;;;;PUNCT;;;;;;
23393;;?;?;PR;;;???????? ??????? , _?_ ????????? ????? ,;?;;;;;;PR;?;A - nom pl plen - -;?;;;
23394;;?????????;?????????;S m inan acc sg;;;??????? , ? _?????????_ ????? , ???;?;?;?;?;?;?;S;?????????;A - nom pl plen - -;?;;;
23395;;?????;?????;ADVPRO;;;, ? ????????? _?????_ , ??? ??????;?;?;?;?;?;;ADV;?????;S m anim nom pl;?;;;
23396;;,;,;PUNCT;;;;;;;;;;PUNCT;;;;;;
23397;;???;???;SPRO sg 3p f nom;;;????????? ????? , _???_ ?????? ? ????????;?;?;?;;;;SPRO;???;;;;;
23398;;??????;????????;V pf praet sg indic f -;;;????? , ??? _??????_ ? ???????? .;?;?;?;?;?;?;V;????????;;;;;
23399;;?;?;PR;;;, ??? ?????? _?_ ???????? . ;?;;;;;;PR;?;V pf praet pl indic - -;?;;;
23400;;????????;????????;S f inan acc sg;;;??? ?????? ? _????????_ .  ;?;?;?;?;?;?;S;????????;PR;?;;;
23401;;.;.;PUNCT;;;;;;;;;;PUNCT;;A - acc pl plen - inan;?;;;
23402;;;;;;;;;;;;;;;;;;;;
23403;# sent = 1661;;;;;;;;;;;;;;;;;;;
23404;;???????;???????;A - loc sg plen m -;;;.   _???????_ , ????? ?????????;?;?;?;?;?;?;A;???????;S f inan acc pl;?;;;
23405;;,;,;PUNCT;;;;;;;;;;PUNCT;;;;;;
23406;;?????;?????;S m inan acc sg;;; ??????? , _?????_ ????????? ? ????????;?;?;?;?;?;;S;?????;CONJ;?;;;
23407;;?????????;?????????;V pf praet sg indic f -;;;??????? , ????? _?????????_ ? ???????? .;?;?;?;?;?;?;V;?????????;SPRO pl 1p - nom;?;;;
23408;;?;?;PR;;;, ????? ????????? _?_ ???????? . ;?;;;;;;PR;?;PR;?;;;
23409;;????????;????????;S f inan loc sg;;;????? ????????? ? _????????_ .  ;?;?;?;?;?;?;S;????????;SPRO sg 3p m ins;?;;;
23410;;.;.;PUNCT;;;;;;;;;;PUNCT;;ADV -;?;;;
23411;;;;;;;;;;;;;;;;V ipf praet pl indic - -;?;;;
23412;# sent = 1662;;;;;;;;;;;;;;;V pf - - inf - -;?;;;
23413;;??;??;CONJ;;;.   _??_ .  ;?;?;;;;;CONJ;??;;;;;
23414;;.;.;PUNCT;;;;;;;;;;PUNCT;;;;;;
23415;;;;;;;;;;;;;;;;;;;;
23416;# sent = 1663;;;;;;;;;;;;;;;PART;?;;;
23417;;???;???;SPRO n inan nom sg;;;.   _???_ ???? ??? ????;?;?;?;;;;SPRO;???;V ipf praet sg indic f -;?;;;
23418;;????;????;V ipf praet sg indic n -;;;  ??? _????_ ??? ???? ,;?;?;?;?;;;V;????;A - nom sg plen f -;?;;;
23419;;???;???;PR;;; ??? ???? _???_ ???? , ???????;?;?;?;;;;PR;???;S f inan nom sg;?;;;
23420;;????;?;SPRO sg 1p - gen;;;??? ???? ??? _????_ , ??????? ,;?;?;?;?;;;SPRO;?;PART;?;;;
23421;;,;,;PUNCT;;;;;;;;;;PUNCT;;;;;;
23422;;???????;???????;PARENTH;;;??? ???? , _???????_ , ????????? —;?;?;?;?;?;?;ADV;???????;;;;;
23423;;,;,;PUNCT;;;;;;;;;;PUNCT;;;;;;
23424;;?????????;?????????;A - nom brev n -;;;, ??????? , _?????????_ — ??????? ????;?;?;?;?;?;?;ADV;?????????;ADV -;?;;;
23425;;—;—;PUNCT;;;;;;;;;;PUNCT;;;;;;
23426;;???????;???????;V pf praet pl indic - -;;;, ????????? — _???????_ ???? 15 ???????;?;?;?;?;?;?;V;???????;;;;;
23427;;????;????;APRO - acc pl plen - anim;;;????????? — ??????? _????_ 15 ??????? —;?;?;?;?;;;APRO;????;;;;;
23428;;15;15;NUM - - -;;;— ??????? ???? _15_ ??????? — ???;5;1;;;;;NUM;15;;;;;
23429;;???????;???????;S m anim gen pl;;;??????? ???? 15 _???????_ — ??? ??;?;?;?;?;?;?;S;???????;;;;;
23430;;—;—;PUNCT;;;;;;;;;;PUNCT;;;;;;
23431;;???;???;PART;;;15 ??????? — _???_ ?? 3 ???????;?;?;?;;;;PART;???;;;;;
23432;;??;??;SPRO pl 1p - nom;;;??????? — ??? _??_ 3 ??????? ...;?;?;;;;;SPRO;??;SPRO pl 1p - loc;?;;;
23433;;3;3;NUM - - -;;;— ??? ?? _3_ ??????? ... ;3;;;;;;NUM;3;ADV -;?;;;
23434;;???????;???????;S f anim nom pl;;;??? ?? 3 _???????_ ...  ;?;?;?;?;?;?;S;???????;;;;;
23435;;...;...;PUNCT;?????;;;;;;;;;PUNCT;;INTJ;?;;;
23436;;;;;;;;;;;;;;;;;;;;
23437;# sent = 1664;;;;;;;;;;;;;;;;;;;
23438;"<distinct form=""";;;;;;;;;;;;;;;;;;;
23439;<dist>;?;;;;;;;;;;;;;;;;;;
23440;<dist>;?????????;;;;;;;;;;;;;;;;;;
23441;""">";;;;;;;;;;;;;;;;;;;
23442;;????????????;???????????;S f anim ins sg;;;? ?????????  _????????????_  ... ???????????;?;?;?;?;?;?;S;???????????;S f anim ins sg;?;;;
23443;</distinct>;;;;;;;;;;;;;;;;;;;
23444;;...;...;PUNCT;?????;;;;;;;;;PUNCT;;;;;;
23445;;???????????;???????????;S f anim nom sg;;;????????????  ... _???????????_ , ???? ?;?;?;?;?;?;?;S;???????????;S f anim nom sg;?;;;
23446;;,;,;PUNCT;;;;;;;;;;PUNCT;;;;;;
23447;;????;????;S f anim nom sg;;;... ??????????? , _????_ ? ? ,;?;?;?;?;;;S;????;S f anim nom sg;?;;;
23448;;?;?;CONJ;;;??????????? , ???? _?_ ? , ?????????;?;;;;;;CONJ;?;CONJ;?;;;
23449;;?;?;SPRO sg 1p - nom;;;, ???? ? _?_ , ????????? ???????;?;;;;;;SPRO;?;SPRO sg 1p - nom;?;;;
23450;;,;,;PUNCT;;;;;;;;;;PUNCT;;;;;;
23451;;?????????;?????????;APRO - nom pl plen - -;;;? ? , _?????????_ ???????  ?????;?;?;?;?;?;?;A;?????????;A - nom pl plen - -;?;;;
23452;;???????;???????;S m anim nom pl;;;? , ????????? _???????_  ????? ;?;?;?;?;?;?;S;???????;S m anim nom pl;?;;;
23453;"<span class=""note"">";;;;;;;;;;;;;;;;;;;
23454;<note>;?????;;;?????;;;;;;;;;;;;;;;
23455;</span>;;;;;;;;;;;;;;;;;;;
23456;;.;.;PUNCT;;;;;;;;;;PUNCT;;;;;;
23457;;;;;;;;;;;;;;;;;;;;
23458;# sent = 1665;;;;;;;;;;;;;;;;;;;
23459;;?;?;CONJ;;;.   _?_ ????? , ??????;?;;;;;;CONJ;?;CONJ;?;;;
23460;;?????;?????;ADVPRO;;;  ? _?????_ , ?????? ,;?;?;?;?;?;;ADV;?????;ADV -;?;;;
23461;;,;,;PUNCT;;;;;;;;;;PUNCT;;;;;;
23462;;??????;??????;PARENTH;;;? ????? , _??????_ , ?? ...;?;?;?;?;?;?;ADV;??????;ADV -;?;;;
23463;;,;,;PUNCT;;;;;;;;;;PUNCT;;;;;;
23464;;??;??;INTJ;;;, ?????? , _??_ ... ??? ...;?;?;;;;;NONLEX;??;NONLEX;?;;;
23465;;...;...;PUNCT;?????;;;;;;;;;PUNCT;;;;;;
23466;;???;???;SPRO pl 3p - nom;;;, ?? ... _???_ ... ?? ..;?;?;?;;;;SPRO;???;SPRO pl - - nom;?;;;
23467;;...;...;PUNCT; ?????;;;;;;;;;PUNCT;;;;;;
23468;;??;??;INTJ;;;... ??? ... _??_ .. ????? —;?;?;;;;;INTJ;??;INTJ;?;;;
23469;;..;..;PUNCT;?????;;;;;;;;;PUNCT;;;;;;
23470;;?????;?????;S m anim nom pl;;;... ?? .. _?????_ — ?? ???????;?;?;?;?;?;;S;?????;S m anim nom pl;?;;;
23471;;—;—;PUNCT;;;;;;;;;;PUNCT;;;;;;
23472;;??;??;PART;;;.. ????? — _??_ ??????? ?? ?????????;?;?;;;;;PART;??;PART;?;;;
23473;;???????;???????;PARENTH;;;????? — ?? _???????_ ?? ????????? ,;?;?;?;?;?;?;ADV;???????;ADV -;?;;;
23474;;??;???;SPRO pl 3p - dat;;;— ?? ??????? _??_ ????????? , ???;?;?;;;;;SPRO;???;SPRO pl - - dat;?;;;
23475;;?????????;?????????;PRAEDIC;;;?? ??????? ?? _?????????_ , ??? ????????;?;?;?;?;?;?;ADV;?????????;ADV -;?;;;
23476;;,;,;PUNCT;;;;;;;;;;PUNCT;;;;;;
23477;;???;???;SPRO pl 3p - nom;;;?? ????????? , _???_ ???????? ??? ??????????;?;?;?;;;;SPRO;???;SPRO pl - - nom;?;;;
23478;;????????;????????;V ipf praes pl indic - 3p;;;????????? , ??? _????????_ ??? ?????????? ,;?;?;?;?;?;?;V;????????;V ipf praes pl indic - 3p;?;;;
23479;;???;???;PART;;;, ??? ???????? _???_ ?????????? , ???;?;?;?;;;;ADV;???;ADV -;?;;;
23480;;??????????;??????????;V ipf - - inf - -;;;??? ???????? ??? _??????????_ , ??? ?;?;?;?;?;?;?;V;??????????;V ipf - - inf - -;?;;;
23481;;,;,;PUNCT;;;;;;;;;;PUNCT;;;;;;
23482;;???;???;ADVPRO;;;??? ?????????? , _???_ ? ??? ,;?;?;?;;;;CONJ;???;CONJ;?;;;
23483;;?;?;CONJ;;;?????????? , ??? _?_ ??? , ?;?;;;;;;CONJ;?;CONJ;?;;;
23484;;???;???;SPRO n inan nom sg;;;, ??? ? _???_ , ? ???;?;?;?;;;;CONJ;???;CONJ;?;;;
23485;;,;,;PUNCT;;;;;;;;;;PUNCT;;;;;;
23486;;?;?;CONJ;;;? ??? , _?_ ??? , ?;?;;;;;;CONJ;?;CONJ;?;;;
23487;;???;???;ADVPRO;;;??? , ? _???_ , ? ???;?;?;?;;;;ADV;???;ADV -;?;;;
23488;;,;,;PUNCT;;;;;;;;;;PUNCT;;;;;;
23489;;?;?;CONJ;;;? ??? , _?_ ??? . ;?;;;;;;CONJ;?;CONJ;?;;;
23490;;???;???;ADVPRO;;;??? , ? _???_ .  ?????;?;?;?;;;;ADV;???;ADV -;?;;;
23491;;.;.;PUNCT;;;;;;;;;;PUNCT;;;;;;
23492;"<span class=""note"">";;;;;;;;;;;;;;;;;;;
23493;<note>;?????;;;?????;;;;;;;;;;;;;;;
23494;</span>;;;;;;;;;;;;;;;;;;;
23495;;?;?;CONJ;;; ?????  _?_ ... ??? ...;?;;;;;;CONJ;?;CONJ;?;;;
23496;;...;...;PUNCT;?????;;;;;;;;;PUNCT;;;;;;
23497;;???;???;INTJ;;; ? ... _???_ ... ?? ?;?;?;?;;;;INTJ;???;INTJ;?;;;
23498;;...;...;PUNCT;?????;;;;;;;;;PUNCT;;;;;;
23499;;??;??;PART;;;... ??? ... _??_ ? ???? ??;?;?;;;;;PART;??;PART;?;;;
23500;;?;?;PR;;;??? ... ?? _?_ ???? ?? ????;?;;;;;;PR;?;PR;?;;;
23501;;????;?;SPRO sg 1p -  gen;;;... ?? ? _????_ ?? ???? ????????;?;?;?;?;;;SPRO;?;SPRO sg 1p - acc;?;;;
23502;;??;??;PART;;;?? ? ???? _??_ ???? ???????? ...;?;?;;;;;PART;??;CONJ;?;;;
23503;;????;????;V ipf praet pl indic - -;;;? ???? ?? _????_ ???????? ... ??;?;?;?;?;;;V;????;V ipf praet pl indic - -;?;;;
23504;;????????;????????;A - nom pl plen - inan;;;???? ?? ???? _????????_ ... ?? ...;?;?;?;?;?;?;A;????????;A - acc pl plen - inan;?;;;
23505;;...;...;PUNCT;;;;;;;;;;PUNCT;;;;;;
23506;;??;??;INTJ;;;???? ???????? ... _??_ ... ???????? ?????;?;?;;;;;INTJ;??;INTJ;?;;;
23507;;...;...;PUNCT;;;;;;;;;;PUNCT;;;;;;
23508;;????????;????????;A - nom pl plen - -;;;... ?? ... _????????_ ????? . ;?;?;?;?;?;?;A;????????;A - nom pl plen - -;?;;;
23509;;?????;?????;S m anim nom pl;;;?? ... ???????? _?????_ .  ;?;?;?;?;?;;S;?????;S m anim nom pl;?;;;
23510;;.;.;PUNCT;;;;;;;;;;PUNCT;;;;;;
23511;;;;;;;;;;;;;;;;;;;;
23512;# sent = 1666;;;;;;;;;;;;;;;;;;;
23513;;?;?;CONJ;;;.   _?_ ??? ???? ?????;?;;;;;;CONJ;?;CONJ;?;;;
23514;;???;???;PART;;;  ? _???_ ???? ????? ??????????;?;?;?;;;;PART;???;PART;?;;;
23515;;????;????;ANUM - nom sg plen m -;;; ? ??? _????_ ????? ?????????? ????;?;?;?;?;;;ANUM;????;A - nom sg plen m -;?;;;
23516;;?????;?????;S m anim nom sg;;;? ??? ???? _?????_ ?????????? ???? ?????;?;?;?;?;?;;S;?????;S m anim nom sg;?;;;
23517;;??????????;??????????;V ipf praes sg indic - 3p;;;??? ???? ????? _??????????_ ???? ????? .;?;?;?;?;?;?;V;??????????;V ipf praes sg indic - 3p;?;;;
23518;;????;?;SPRO sg 1p - acc;;;???? ????? ?????????? _????_ ????? . ;?;?;?;?;;;SPRO;?;SPRO sg 1p - acc;?;;;
23519;;?????;?????;ADV -;;;????? ?????????? ???? _?????_ .  ;?;?;?;?;?;;ADV;?????;ADV -;?;;;
23520;;.;.;PUNCT;;;;;;;;;;PUNCT;;;;;;
23521;;;;;;;;;;;;;;;;;;;;
23522;# sent = 1667;;;;;;;;;;;;;;;;;;;
23523;;?;?;SPRO sg 1p - nom;;;.   _?_ ??????? ? ;?;;;;;;SPRO;?;SPRO sg 1p - nom;?;;;
23524;;???????;?????????;V ipf praes sg indic - 1p;;;  ? _???????_ ?  ????;?;?;?;?;?;?;V;?????????;V ipf praes sg indic - 1p;?;;;
23525;;?;?;PR;;; ? ??????? _?_  ???? ;?;;;;;;PR;?;PR;?;;;
23526;"<distinct form=""";;;;;;;;;;;;;;;;;;;
23527;<dist>;????;;;;;;;;;;;;;;;;;;
23528;""">";;;;;;;;;;;;;;;;;;;
23529;;????????????;????????????;S m anim dat sg;;; ????  _????????????_  ???????????? ?;?;?;?;?;?;?;S;????????????;S m anim dat sg;?;;;
23530;</distinct>;;;;;;;;;;;;;;;;;;;
23531;;????????????;????????????;S m anim dat sg;;; ????????????  _????????????_ ? ?????? :;?;?;?;?;?;?;S;????????????;S m anim dat sg;?;;;
23532;;?;?;CONJ;;;????????????  ???????????? _?_ ?????? : ;?;;;;;;CONJ;?;CONJ;?;;;
23533;;??????;????????;V ipf praes sg indic - 1p;;; ???????????? ? _??????_ :  ;?;?;?;?;?;?;V;????????;V ipf praes sg indic - 1p;?;;;
23534;;:;:;PUNCT;;;;;;;;;;PUNCT;;;;;;
23535;;;;;;;;;;;;;;;;;;;;
23536;# sent = 1668;;;;;;;;;;;;;;;;;;;
23537;# speaker = ?????????;;;;;;;;;;;;;;;;;;;
23538;# sent = 1669;;;;;;;;;;;;;;;;;;;
23539;;«;«;PUNCT;;;;;;;;;;PUNCT;;;;;;
23540;;???;???;PART;;;  « _???_ ???? ?????????? ,;?;?;?;;;;PART;???;PART;?;;;
23541;;????;?;SPRO sg 1p - acc;;; « ??? _????_ ?????????? , ???;?;?;?;?;;;SPRO;?;SPRO sg 1p - acc;?;;;
23542;;??????????;??????????;V pf praet pl indic - 3p;;;« ??? ???? _??????????_ , ??? ??????;?;?;?;?;?;?;V;??????????;V pf praet pl indic - -;?;;;
23543;;,;,;PUNCT;;;;;;;;;;PUNCT;;;;;;
23544;;???;???;SPRO n inan nom sg;;;"???? ?????????? , _???_ ?????? ? """;?;?;?;;;;CONJ;???;CONJ;?;;;
23545;;??????;??????;V ipf - - inf - -;;;"?????????? , ??? _??????_ ? "" ";?;?;?;?;?;?;V;??????;V ipf - - inf - -;?;;;
23546;;?;?;PUNCT;;;;;;;;;;PUNCT;;;;;;
23547;;"	""";"""";;;;;;;;;;PUNCT;;;;;;;
23548;;;;;;;;;;;;;;;;;;;;
23549;;;;;;;;;;;;;;;;;;;;
23550;# sent = 1670;;;;;;;;;;;;;;;;;;;
23551;# speaker = ?????????;;;;;;;;;;;;;;;;;;;
23552;# sent = 1671;;;;;;;;;;;;;;;;;;;
23553;;??;??;SPRO sg 3p m nom;;;   _??_  ?????? ;?;?;;;;;SPRO;??;SPRO sg 3p m nom;?;;;
23554;"<distinct form=""";;;;;;;;;;;;;;;;;;;
23555;<dist>;??????;;;;;;;;;;;;;;;;;;
23556;""">";;;;;;;;;;;;;;;;;;;
23557;;???????;????????;V ipf praes sg indic - 3p;;; ??????  _???????_  : «;?;?;?;?;?;?;V;????????;V ipf praes sg indic - 3p;?;;;
23558;</distinct>;;;;;;;;;;;;;;;;;;;
23559;;:;:;PUNCT;;;;;;;;;;PUNCT;;;;;;
23560;;«;«;PUNCT;;;;;;;;;;PUNCT;;;;;;
23561;;????????;?????;V pf - pl imper - 2p;;; : « _????????_ ? ????? ???;?;?;?;?;?;?;V;?????;V pf - pl imper - 2p;?;;;
23562;;?;?;PR;;;: « ???????? _?_ ????? ??? ?????;?;;;;;;PR;?;PR;?;;;
23563;;?????;????;SPRO - - - ins;;;« ???????? ? _?????_ ??? ????? .;?;?;?;?;?;;SPRO;????;SPRO - - - ins;?;;;
23564;;???;???;ADV -;;;???????? ? ????? _???_ ????? . ;?;?;?;;;;ADV;???;ADV -;?;;;
23565;;?????;????;NUM acc - -;;;? ????? ??? _?????_ .  ;?;?;?;?;?;;NUM;????;NUM loc - -;?;;;
23566;;.;.;PUNCT;;;;;;;;;;PUNCT;;;;;;
23567;;;;;;;;;;;;;;;;;;;;
23568;# sent = 1672;;;;;;;;;;;;;;;;;;;
23569;;?????;????;NUM acc - -;;;.   _?????_ ????????  ???????;?;?;?;?;?;;NUM;????;NUM loc - -;?;;;
23570;;????????;?????;V pf fut pl indic - 2p;;;  ????? _????????_  ??????? ;?;?;?;?;?;?;V;?????;V pf fut pl indic - 2p;?;;;
23571;"<span class=""note"">";;;;;;;;;;;;;;;;;;;
23572;<note>;???????;;; ???????;;;;;;;;;;;;;;;
23573;</span>;;;;;;;;;;;;;;;;;;;
23574;;,;,;PUNCT;;;;;;;;;;PUNCT;;;;;;
23575;;?????;?????;ADVPRO;;;???????  , _?????_ ????? . »;?;?;?;?;?;;ADV;?????;ADV -;?;;;
23576;;?????;?????;PRAEDIC;;; , ????? _?????_ . » ;?;?;?;?;?;;PRAEDIC;?????;PRAEDIC;?;;;
23577;;.;.;PUNCT;;;;;;;;;;PUNCT;;;;;;
23578;;»;»;PUNCT;;;;;;;;;;PUNCT;;;;;;
23579;;;;;;;;;;;;;;;;;;;;
23580;# sent = 1673;;;;;;;;;;;;;;;;;;;
23581;# speaker = ?????????;;;;;;;;;;;;;;;;;;;
23582;# sent = 1674;;;;;;;;;;;;;;;;;;;
23583;;???;???;CONJ;??????;;   _???_ ??? ??? ????;?;?;?;;;;PR;???;PR;?;;;
23584;;???;???;CONJ;;;  ??? _???_ ??? ???? ,;?;?;?;;;;CONJ;???;CONJ;?;;;
23585;;???;????;APRO - nom pl plen - -;;; ??? ??? _???_ ???? , ??????;?;?;?;;;;APRO;????;A - nom pl plen - -;?;;;
23586;;????;????;NUM nom - -;;;??? ??? ??? _????_ , ?????? ?;?;?;?;?;;;NUM;????;NUM nom - -;?;;;
23587;;,;,;PUNCT;;;;;;;;;;PUNCT;;;;;;
23588;;??????;????;ANUM - acc sg plen m -;;;??? ???? , _??????_ ? ????????? ?????;?;?;?;?;?;?;ANUM;????;A - gen sg plen m -;?;;;
23589;;?;?;SPRO sg 1p - nom;;;???? , ?????? _?_ ????????? ????? ??????;?;;;;;;SPRO;?;SPRO sg 1p - nom;?;;;
23590;;?????????;?????????;V pf praet sg indic f -;;;, ?????? ? _?????????_ ????? ?????? —;?;?;?;?;?;?;V;?????????;V pf praet sg indic f -;?;;;
23591;;?????;?????;ADV -;;;?????? ? ????????? _?????_ ?????? — ??;?;?;?;?;?;;ADV;?????;ADV -;?;;;
23592;;??????;??????;ADV -;;;? ????????? ????? _??????_ — ?? ????????;?;?;?;?;?;?;ADV;??????;ADV -;?;;;
23593;;—;—;PUNCT;;;;;;;;;;PUNCT;;;;;;
23594;;??;??;SPRO sg 3p m nom;;;????? ?????? — _??_ ???????? ????? ????????????;?;?;;;;;SPRO;??;SPRO sg 3p m nom;?;;;
23595;;????????;????????;S m anim nom sg;;;?????? — ?? _????????_ ????? ???????????? ??????????;?;?;?;?;?;?;S;????????;S m anim nom sg;?;;;
23596;;?????;???;APRO - gen sg plen f -;;;— ?? ???????? _?????_ ???????????? ?????????? ???????;?;?;?;?;?;;APRO;???;A - gen sg plen f -;?;;;
23597;;????????????;????????????;A - gen sg plen f -;;;?? ???????? ????? _????????????_ ?????????? ??????? ,;?;?;?;?;?;?;S;????????????;S f inan loc sg;?;;;
23598;;??????????;??????????;A - gen sg plen f -;;;???????? ????? ???????????? _??????????_ ??????? , ??????;?;?;?;?;?;?;A;??????????;A - gen sg plen f -;?;;;
23599;;???????;???????;S f inan gen sg;;;????? ???????????? ?????????? _???????_ , ?????? ???;?;?;?;?;?;?;S;???????;S f inan gen sg;?;;;
23600;;,;,;PUNCT;;;;;;;;;;PUNCT;;;;;;
23601;;??????;??????;V pf praet sg indic f -;;;?????????? ??????? , _??????_ ??? ??? ??????????;?;?;?;?;?;?;V;??????;V pf praet sg indic f -;?;;;
23602;;???;???;ADVPRO;;;??????? , ?????? _???_ ??? ?????????? ,;?;?;?;;;;CONJ;???;CONJ;?;;;
23603;;???;???;SPRO sg 3p f nom;;;, ?????? ??? _???_ ?????????? , ??????;?;?;?;;;;SPRO;???;SPRO sg 3p f nom;?;;;
23604;;??????????;??????????;V ipf praes sg indic - 3p;;;?????? ??? ??? _??????????_ , ?????? ?????-??;?;?;?;?;?;?;V;??????????;V ipf praes sg indic - 3p;?;;;
23605;;,;,;PUNCT;;;;;;;;;;PUNCT;;;;;;
23606;;??????;??????;ANUM - nom sg plen f -;;;??? ?????????? , _??????_ ?????-?? ??????? ???;?;?;?;?;?;?;ANUM;??????;A - gen sg plen f -;?;;;
23607;;?????-??;?????-??;APRO - nom sg plen m -;;;?????????? , ?????? _?????-??_ ??????? ??? .;?;?;-;?;?;?;APRO;?????-??;A - nom sg plen m -;?;;;
23608;;???????;???????;S m anim nom sg;;;, ?????? ?????-?? _???????_ ??? . ;?;?;?;?;?;?;S;???????;S m anim nom sg;?;;;
23609;;???;????;V ipf praet sg indic m -;;;?????? ?????-?? ??????? _???_ .  ;?;?;?;;;;V;????;V ipf praet sg indic m -;?;;;
23610;;.;.;PUNCT;;;;;;;;;;PUNCT;;;;;;
23611;;;;;;;;;;;;;;;;;;;;
23612;# sent = 1675;;;;;;;;;;;;;;;;;;;
23613;;?????;????;S m inan gen sg;;;.   _?????_ , ??????? ,;?;?;?;?;?;;S;????;S m inan gen sg;?;;;
23614;;,;,;PUNCT;;;;;;;;;;PUNCT;;;;;;
23615;;???????;???????;PARENTH;;; ????? , _???????_ , ?? ???;?;?;?;?;?;?;ADV;???????;ADV -;?;;;
23616;;,;,;PUNCT;;;;;;;;;;PUNCT;;;;;;
23617;;??;??;CONJ;;;, ??????? , _??_ ??? , ??;?;?;;;;;CONJ;??;CONJ;?;;;
23618;;???;???;APRO - nom sg plen m -;;;??????? , ?? _???_ , ?? ??????;?;?;?;;;;APRO;???;A - nom sg plen m -;?;;;
23619;;,;,;PUNCT;;;;;;;;;;PUNCT;;;;;;
23620;;??;??;PART;;;?? ??? , _??_ ?????? ?? ?????;?;?;;;;;PART;??;PART;?;;;
23621;;??????;??????;APRO - nom sg plen m -;;;??? , ?? _??????_ ?? ????? .;?;?;?;?;?;?;A;??????;A - nom sg plen m -;?;;;
23622;;??;??;PART;;;, ?? ?????? _??_ ????? . ;?;?;;;;;PART;??;PART;?;;;
23623;;?????;?????;V ipf praes pl indic - 3p;;;?? ?????? ?? _?????_ .  ;?;?;?;?;?;;V;?????;V ipf praes pl indic - 3p;?;;;
23624;;.;.;PUNCT;;;;;;;;;;PUNCT;;;;;;
23625;;;;;;;;;;;;;;;;;;;;
23626;# sent = 1676;;;;;;;;;;;;;;;;;;;
23627;;??;??;PART;;;.   _??_ , ??????? ???;?;?;;;;;PART;??;PART;?;;;
23628;;,;,;PUNCT;;;;;;;;;;PUNCT;;;;;;
23629;;???????;????????;V pf praet sg indic m -;;; ?? , _???????_ ??? ????? ,;?;?;?;?;?;?;V;????????;V pf praet sg indic m -;?;;;
23630;;???;???;APRO - nom sg plen m -;;;?? , ??????? _???_ ????? , ??;?;?;?;;;;APRO;???;A - nom sg plen m -;?;;;
23631;;?????;?????;S m anim nom sg;;;, ??????? ??? _?????_ , ?? ?????;?;?;?;?;?;;S;?????;S m anim nom sg;?;;;
23632;;,;,;PUNCT;;;;;;;;;;PUNCT;;;;;;
23633;;??;??;SPRO pl 1p - nom;;;??? ????? , _??_ ????? ? ???;?;?;;;;;SPRO;??;SPRO pl 1p - nom;?;;;
23634;;?????;?????;ADVPRO;;;????? , ?? _?????_ ? ??? ?????;?;?;?;?;?;;ADV;?????;ADV -;?;;;
23635;;?;?;PR;;;, ?? ????? _?_ ??? ????? ?????;?;;;;;;PR;?;PR;?;;;
23636;;???;??;SPRO sg 3p m ins;;;?? ????? ? _???_ ????? ????? ???????;?;?;?;;;;SPRO;??;SPRO sg 3p m ins;?;;;
23637;;?????;?????;ADV -;;;????? ? ??? _?????_ ????? ??????? ,;?;?;?;?;?;;ADV;?????;ADV -;?;;;
23638;;?????;?????;ADV -;;;? ??? ????? _?????_ ??????? , ??;?;?;?;?;?;;ADV;?????;ADV -;?;;;
23639;;???????;???????;V ipf praet pl indic - -;;;??? ????? ????? _???????_ , ?? ???????;?;?;?;?;?;?;V;???????;V ipf praet pl indic - -;?;;;
23640;;,;,;PUNCT;;;;;;;;;;PUNCT;;;;;;
23641;;??;??;SPRO pl 1p - nom;;;????? ??????? , _??_ ??????? ? ????;?;?;;;;;SPRO;??;SPRO pl 1p - nom;?;;;
23642;;???????;???????;V pf praet pl indic - -;;;??????? , ?? _???????_ ? ???? ?????;?;?;?;?;?;?;V;???????;V pf praet pl indic - -;?;;;
23643;;?;?;PR;;;, ?? ??????? _?_ ???? ????? ,;?;;;;;;PR;?;PR;?;;;
23644;;????;??;SPRO sg 3p m dat;;;?? ??????? ? _????_ ????? , ?;?;?;?;?;;;SPRO;??;SPRO sg 3p m dat;?;;;
23645;;?????;?????;ADV -;;;??????? ? ???? _?????_ , ? ?????;?;?;?;?;?;;ADV;?????;ADV -;?;;;
23646;;,;,;PUNCT;;;;;;;;;;PUNCT;;;;;;
23647;;?;?;CONJ;;;???? ????? , _?_ ????? ?? ????????;?;;;;;;CONJ;?;CONJ;?;;;
23648;;?????;?????;CONJ;;;????? , ? _?????_ ?? ???????? ,;?;?;?;?;?;;CONJ;?????;CONJ;?;;;
23649;;??;??;SPRO pl 1p - nom;;;, ? ????? _??_ ???????? , ??????;?;?;;;;;SPRO;??;SPRO pl 1p - nom;?;;;
23650;;????????;????????;V pf praet pl indic - -;;;? ????? ?? _????????_ , ?????? ?;?;?;?;?;?;?;V;????????;V pf praet pl indic - -;?;;;
23651;;,;,;PUNCT;;;;;;;;;;PUNCT;;;;;;
23652;;??????;??????;V pf praet pl indic - -;;;?? ???????? , _??????_ ? ... ???;?;?;?;?;?;?;V;??????;V pf praet pl indic - -;;;;
23653;;?;?;PR;;;???????? , ?????? _?_ ... ??? ...;?;;;;;;PR;?;PR;;;;
23654;;...;...;PUNCT;?????;;;;;;;;;PUNCT;;;;;;
23655;;???;???;INTJ;;;?????? ? ... _???_ ... ?? ????????;?;?;?;;;;INTJ;???;INTJ;;;;
23656;;...;...;PUNCT;?????;;;;;;;;;PUNCT;;;;;;
23657;;??;??;PART;;;... ??? ... _??_ ???????? , ????????;?;?;;;;;PART;??;PART;;;;
23658;;????????;????????;S f inan nom sg;;;??? ... ?? _????????_ , ???????? ...;?;?;?;?;?;?;S;????????;S f inan nom sg;;;;
23659;;,;,;PUNCT;;;;;;;;;;PUNCT;;;;;;
23660;;????????;????????;PARENTH;;;?? ???????? , _????????_ ... ????? ????????;?;?;?;?;?;?;ADV;????????;ADV -;;;;
23661;;...;...;PUNCT;?????;;;;;;;;;PUNCT;;;;;;
23662;;?????;??????;V ipf praet sg indic m -;;;, ???????? ... _?????_ ???????? ??? ,;?;?;?;?;?;;V;??????;V ipf praet sg indic m -;;;;
23663;;????????;????????;A - nom sg plen m inan;;;???????? ... ????? _????????_ ??? , ??????;?;?;?;?;?;?;A;????????;A - acc sg plen m inan;;;;
23664;;???;???;S m inan nom sg;;;... ????? ???????? _???_ , ?????? ???????;?;?;?;;;;S;???;S m inan acc sg;;;;
23665;;,;,;PUNCT;;;;;;;;;;PUNCT;;;;;;
23666;;??????;??????;A - nom sg plen m -;;;???????? ??? , _??????_ ??????? . ;?;?;?;?;?;?;A;??????;A - nom sg plen m -;;;;
23667;;???????;???????;S f inan gen pl;;;??? , ?????? _???????_ .  ;?;?;?;?;?;?;S;???????;S f inan gen pl;;;;
23668;;.;.;PUNCT;;;;;;;;;;PUNCT;;;;;;
23669;;;;;;;;;;;;;;;;;;;;
23670;# sent = 1677;;;;;;;;;;;;;;;;;;;
23671;;?;?;CONJ;;;.   _?_ , ??????? ,;?;;;;;;CONJ;?;CONJ;;;;
23672;;,;,;PUNCT;;;;;;;;;;PUNCT;;;;;;
23673;;???????;???????;PARENTH;;; ? , _???????_ , ??? ???;?;?;?;?;?;?;ADV;???????;ADV -;;;;
23674;;,;,;PUNCT;;;;;;;;;;PUNCT;;;;;;
23675;;???;???;APRO - nom pl plen - -;;;, ??????? , _???_ ??? ??????? ;?;?;?;;;;APRO;???;A - nom pl plen - -;;;;
23676;;???;????;APRO - nom pl plen - -;;;??????? , ??? _???_ ???????  ???????;?;?;?;;;;APRO;????;A - nom pl plen - -;;;;
23677;;???????;???????;S m anim nom pl;;;, ??? ??? _???????_  ??????? ;?;?;?;?;?;?;S;???????;S m anim nom pl;;;;
23678;"<span class=""note"">";;;;;;;;;;;;;;;;;;;
23679;<note>;???????;;;???????;;;;;;;;;;;;;;;
23680;</span>;;;;;;;;;;;;;;;;;;;
23681;;???????????;???????????;V pf praet pl indic - -;;; ???????  _???????????_ ?? ??? ???????;?;?;?;?;?;?;V;???????????;V pf praet pl indic - -;;;;
23682;;??;??;PR;;;???????  ??????????? _??_ ??? ??????? ,;?;?;;;;;PR;??;PR;;;;
23683;;???;????;APRO - acc pl plen - inan;;; ??????????? ?? _???_ ??????? , ?;?;?;?;;;;APRO;????;A - acc pl plen - inan;;;;
23684;;???????;???????;S f inan acc pl;;;??????????? ?? ??? _???????_ , ? ??;?;?;?;?;?;?;S;???????;S f inan acc pl;;;;
23685;;,;,;PUNCT;;;;;;;;;;PUNCT;;;;;;
23686;;?;?;CONJ;;;??? ??????? , _?_ ?? ? ???;?;;;;;;CONJ;?;CONJ;;;;
23687;;??;??;SPRO pl 1p - nom;;;??????? , ? _??_ ? ??? ????????;?;?;;;;;SPRO;??;SPRO pl 1p - nom;;;;
23688;;?;?;PR;;;, ? ?? _?_ ??? ???????? ?????;?;;;;;;PR;?;PR;;;;
23689;;???;??;SPRO sg 3p m ins;;;? ?? ? _???_ ???????? ????? ??????????;?;?;?;;;;SPRO;??;SPRO sg 3p m ins;;;;
23690;;????????;????????;ADV -;;;?? ? ??? _????????_ ????? ?????????? .;?;?;?;?;?;?;ADV;????????;ADV -;;;;
23691;;?????;????;V ipf praet pl indic - -;;;? ??? ???????? _?????_ ?????????? . ;?;?;?;?;?;;V;????;V ipf praet pl indic - -;;;;
23692;;??????????;??????????;V pf - - inf - -;;;??? ???????? ????? _??????????_ .  ;?;?;?;?;?;?;V;??????????;V pf - - inf - -;;;;
23693;;.;.;PUNCT;;;;;;;;;;PUNCT;;;;;;
23694;;;;;;;;;;;;;;;;;;;;
23695;# sent = 1678;;;;;;;;;;;;;;;;;;;
23696;;???;???;PART;;;.   _???_ ???? ????? ???????;?;?;?;;;;PART;???;PART;;;;
23697;;????;????;V ipf praet sg indic f -;;;  ??? _????_ ????? ??????? ????;?;?;?;?;;;V;????;V ipf praet sg indic f -;;;;
23698;;?????;?????;APRO - nom sg plen f -;;; ??? ???? _?????_ ??????? ???? .;?;?;?;?;?;;APRO;?????;A - nom sg plen f -;;;;
23699;;???????;???????;S f inan nom sg;;;??? ???? ????? _???????_ ???? . ;?;?;?;?;?;?;S;???????;S f inan nom sg;;;;
23700;;????;????;PART;;;???? ????? ??????? _????_ .  ;?;?;?;?;;;PART;????;PART;;;;
23701;;.;.;PUNCT;;;;;;;;;;PUNCT;;;;;;
23702;;;;;;;;;;;;;;;;;;;;
23703;# sent = 1679;;;;;;;;;;;;;;;;;;;
23704;;?????;?????;ADVPRO;;;.   _?????_ ...  ;?;?;?;?;?;;ADV;?????;ADV -;;;;
23705;;...;...;PUNCT;?????;;;;;;;;;PUNCT;;;;;;
23706;;;;;;;;;;;;;;;;;;;;
23707;# sent = 1680;;;;;;;;;;;;;;;;;;;
23708;"<span class=""note"">";;;;;;;;;;;;;;;;;;;
23709;<note>;?????;;; ;;;;;;;;;;;;;;;
23710;</span>;;;;;;;;;;;;;;;;;;;
23711;;...;...;PUNCT;;;;;;;;;;PUNCT;;;;;;
23712;;???;??;SPRO pl 1p - loc;;;?????  ... _???_ ??? ... ??;?;?;?;;;;SPRO;??;SPRO pl 1p - loc;;;;
23713;;???;???;ADV -;;; ... ??? _???_ ... ?? ;?;?;?;;;;ADV;???;ADV -;;;;
23714;;...;...;PUNCT;;;;;;;;;;PUNCT;;;;;;
23715;;??;??;INTJ;;;??? ??? ... _??_  ?? ;?;?;;;;;INTJ;??;INTJ;;;;
23716;"<distinct form=""";;;;;;;;;;;;;;;;;;;
23717;<dist>;??;;;;;;;;;;;;;;;;;;
23718;""">";;;;;;;;;;;;;;;;;;;
23719;;??????;??????;PART;;; ??  _??????_  ... ???;?;?;?;?;?;?;PART;??????;PART;;;;
23720;</distinct>;;;;;;;;;;;;;;;;;;;
23721;;...;...;PUNCT;?????;;;;;;;;;PUNCT;;;;;;
23722;;???;????;APRO - acc pl plen - inan;;;??????  ... _???_ ????? ????? —;?;?;?;;;;APRO;????;A - acc pl plen - inan;;;;
23723;;?????;?????;S n inan acc sg;;; ... ??? _?????_ ????? — ??????;?;?;?;?;?;;S;?????;S n inan acc sg;;;;
23724;;?????;?????;V ipf praet pl indic - -;;;... ??? ????? _?????_ — ?????? ??????????;?;?;?;?;?;;V;?????;V ipf praet pl indic - -;;;;
23725;;—;—;PUNCT;;;;;;;;;;PUNCT;;;;;;
23726;;??????;??????;PART;;;????? ????? — _??????_ ?????????? , ????;?;?;?;?;?;?;PART;??????;PART;;;;
23727;;??????????;??????????;PART;;;????? — ?????? _??????????_ , ???? ??;?;?;?;?;?;?;PART;??????????;PART;;;;
23728;;,;,;PUNCT;;;;;;;;;;PUNCT;;;;;;
23729;;????;????;CONJ;;;?????? ?????????? , _????_ ?? ... ??????;?;?;?;?;;;CONJ;????;CONJ;;;;
23730;;??;??;SPRO pl 2p - nom;;;?????????? , ???? _??_ ... ?????? ???;?;?;;;;;SPRO;??;SPRO pl 2p - nom;;;;
23731;;...;...;PUNCT;?????;;;;;;;;;PUNCT;;;;;;
23732;;??????;???????;A - - pl brev - -;;;???? ?? ... _??????_ ??? ????? ????;?;?;?;?;?;?;A;???????;A - - pl brev - -;;;;
23733;;???;????;APRO - acc pl plen - inan;;;?? ... ?????? _???_ ????? ???? ?;?;?;?;;;;APRO;????;A - acc pl plen - inan;;;;
23734;;?????;?????;S n inan acc sg;;;... ?????? ??? _?????_ ???? ? ??????;?;?;?;?;?;;S;?????;S n inan acc sg;;;;
23735;;????;????;V ipf - - inf - -;;;?????? ??? ????? _????_ ? ?????? .;?;?;?;?;;;V;????;V ipf - - inf - -;;;;
23736;;?;?;PR;;;??? ????? ???? _?_ ?????? . ;?;;;;;;PR;?;PR;;;;
23737;;??????;??????;S f inan loc sg;;;????? ???? ? _??????_ .  ;?;?;?;?;?;?;S;??????;S f inan loc sg;;;;
23738;;.;.;PUNCT;;;;;;;;;;PUNCT;;;;;;
23739;;;;;;;;;;;;;;;;;;;;
23740;# sent = 1681;;;;;;;;;;;;;;;;;;;
23741;;????;????;CONJ;;;.   _????_ ????? ?? ??????????;?;?;?;?;;;CONJ;????;CONJ;;;;
23742;;?????;?????;ADV -;;;  ???? _?????_ ?? ?????????? ,;?;?;?;?;?;;ADV;?????;ADV -;;;;
23743;;??;??;SPRO pl 2p - nom;;; ???? ????? _??_ ?????????? , ???;?;?;;;;;SPRO;??;SPRO pl 2p - nom;;;;
23744;;??????????;??????????;V pf praet pl indic - -;;;???? ????? ?? _??????????_ , ??? ??;?;?;?;?;?;?;V;??????????;V pf praet pl indic - -;;;;
23745;;,;,;PUNCT;;;;;;;;;;PUNCT;;;;;;
23746;;???;???;CONJ;;;?? ?????????? , _???_ ?? ???? ???-??;?;?;?;;;;CONJ;???;CONJ;;;;
23747;;??;??;SPRO pl 2p - nom;;;?????????? , ??? _??_ ???? ???-?? ??????;?;?;;;;;SPRO;??;SPRO pl 2p - nom;;;;
23748;;????;????;ANUM - nom sg plen f -;;;, ??? ?? _????_ ???-?? ?????? ,;?;?;?;?;;;ANUM;????;A - nom sg plen f -;;;;
23749;;???-??;???-??;ADVPRO;;;??? ?? ???? _???-??_ ?????? , ??????;?;?;-;?;?;?;ADV;???-??;ADV -;;;;
23750;;??????;??????;V ipf praes pl indic - 2p;;;?? ???? ???-?? _??????_ , ?????? ????;?;?;?;?;?;?;V;??????;V ipf praes pl indic - 2p;;;;
23751;;,;,;PUNCT;;;;;;;;;;PUNCT;;;;;;
23752;;??????;??????;ADV -;;;???-?? ?????? , _??????_ ???? ???-?? ??????;?;?;?;?;?;?;ADV;??????;ADV -;;;;
23753;;????;????;PRAEDIC;;;?????? , ?????? _????_ ???-?? ?????? .;?;?;?;?;;;PRAEDIC;????;ADV -;;;;
23754;;???-??;???-??;SPRO n inan acc sg;;;, ?????? ???? _???-??_ ?????? . ;?;?;-;?;?;?;SPRO;???-??;S n - acc sg;;;;
23755;;??????;??????;V ipf - - inf - -;;;?????? ???? ???-?? _??????_ .  ;?;?;?;?;?;?;V;??????;V ipf - - inf - -;;;;
23756;;.;.;PUNCT;;;;;;;;;;PUNCT;;;;;;
23757;;;;;;;;;;;;;;;;;;;;
23758;# sent = 1682;;;;;;;;;;;;;;;;;;;
23759;;?;?;CONJ;;;.   _?_ ????? ?? ???????;?;;;;;;CONJ;?;CONJ;;;;
23760;;?????;?????;CONJ;;;  ? _?????_ ?? ??????? ???;?;?;?;?;?;;CONJ;?????;CONJ;;;;
23761;;??;??;SPRO pl 1p - nom;;; ? ????? _??_ ??????? ??? ?????????;?;?;;;;;SPRO;??;SPRO pl 1p - nom;;;;
23762;;???????;???????;V pf praet pl indic - -;;;? ????? ?? _???????_ ??? ????????? ,;?;?;?;?;?;?;V;???????;V pf praet pl indic - -;;;;
23763;;???;???;PR;;;????? ?? ??????? _???_ ????????? , ???;?;?;?;;;;PR;???;PR;;;;
23764;;?????????;???????;S m inan ins sg;;;?? ??????? ??? _?????????_ , ??? ????;?;?;?;?;?;?;S;???????;S m inan ins sg;;;;
23765;;,;,;PUNCT;;;;;;;;;;PUNCT;;;;;;
23766;;???;???;ADVPRO;;;??? ????????? , _???_ ???? ?????????? ????????;?;?;?;;;;ADV;???;ADV -;;;;
23767;;????;????;V ipf praet sg indic f -;;;????????? , ??? _????_ ?????????? ???????? ,;?;?;?;?;;;V;????;V ipf praet sg indic f -;;;;
23768;;??????????;??????????;A - nom sg plen f -;;;, ??? ???? _??????????_ ???????? , ???;?;?;?;?;?;?;A;??????????;A - nom sg plen f -;;;;
23769;;????????;????????;S f inan nom sg;;;??? ???? ?????????? _????????_ , ??? ????-??;?;?;?;?;?;?;S;????????;S f inan nom sg;;;;
23770;;,;,;PUNCT;;;;;;;;;;PUNCT;;;;;;
23771;;???;???;ADV -;;;?????????? ???????? , _???_ ????-?? . ;?;?;?;;;;ADV;???;ADV -;;;;
23772;;????-??;????-??;ADVPRO;;;???????? , ??? _????-??_ .  ;?;?;-;?;?;?;ADV;????-??;ADV -;;;;
23773;;.;.;PUNCT;;;;;;;;;;PUNCT;;;;;;
23774;;;;;;;;;;;;;;;;;;;;
23775;# sent = 1683;;;;;;;;;;;;;;;;;;;
23776;;?????;?????;CONJ;;;.   _?????_ ?? ????? ??????;?;?;?;?;?;;CONJ;?????;CONJ;;;;
23777;;??;??;SPRO pl 1p - nom;;;  ????? _??_ ????? ?????? ,;?;?;;;;;SPRO;??;SPRO pl 1p - nom;;;;
23778;;?????;?????;V pf praet pl indic - -;;; ????? ?? _?????_ ?????? , ?;?;?;?;?;?;;V;???????;V pf - sg imper - 2p;;;;
23779;;??????;??????;ADVPRO;;;????? ?? ????? _??????_ , ? ?????;?;?;?;?;?;?;ADV;??????;ADV -;;;;
23780;;,;,;PUNCT;;;;;;;;;;PUNCT;;;;;;
23781;;?;?;SPRO sg 1p - nom;;;????? ?????? , _?_ ????? ???? ,;?;;;;;;SPRO;?;SPRO sg 1p - nom;;;;
23782;;?????;?????;ADV -;;;?????? , ? _?????_ ???? , ???;?;?;?;?;?;;ADV;?????;ADV -;;;;
23783;;????;??????;V ipf praes sg indic - 1p;;;, ? ????? _????_ , ??? ?;?;?;?;?;;;V;??????;V ipf praes sg indic - 1p;;;;
23784;;,;,;PUNCT;;;;;;;;;;PUNCT;;;;;;
23785;;???;???;CONJ;;;????? ???? , _???_ ? ???? .;?;?;?;;;;CONJ;???;CONJ;;;;
23786;;?;?;SPRO sg 1p - nom;;;???? , ??? _?_ ???? . ;?;;;;;;SPRO;?;SPRO sg 1p - nom;;;;
23787;;????;????;ANUM - nom sg plen f -;;;, ??? ? _????_ .  ;?;?;?;?;;;ANUM;????;A - nom sg plen f -;;;;
23788;;.;.;PUNCT;;;;;;;;;;PUNCT;;;;;;
23789;;;;;;;;;;;;;;;;;;;;
23790;# sent = 1684;;;;;;;;;;;;;;;;;;;
23791;;?? ????;?? ????;CONJ;;;.   _?? ????_ ??? ?????? ?????;?;?;?;?; ;?;CONJ;?? ????;ADV -;;;;
23792;;???;???;PRAEDIC;;;  ?? ???? _???_ ?????? ????? .;?;?;?;;;;ADV;???;ADV -;;;;
23793;;??????;?????;SPRO m -  gen sg;;; ?? ???? ??? _??????_ ????? . ;?;?;?;?;?;?;S;?????;S m - acc sg;;;;
23794;;?????;?????;ADV -;;;?? ???? ??? ?????? _?????_ .  ;?;?;?;?;?;;ADV;?????;ADV -;;;;
23795;;.;.;PUNCT;;;;;;;;;;PUNCT;;;;;;
23796;;;;;;;;;;;;;;;;;;;;
23797;# sent = 1685;;;;;;;;;;;;;;;;;;;
23798;;?;?;CONJ;;;.   _?_ ????? ???????? ...;?;;;;;;CONJ;?;CONJ;;;;
23799;;?????;?????;S m anim nom pl;;;  ? _?????_ ???????? ... ??;?;?;?;?;?;;S;?????;S m anim nom pl;;;;
23800;;????????;?????????;V ipf praes pl indic - 3p;;; ? ????? _????????_ ... ?? ??;?;?;?;?;?;?;V;?????????;V ipf praes pl indic - 3p;;;;
23801;;...;...;PUNCT;?????;;;;;;;;;PUNCT;;;;;;
23802;;??;??;PART;;;????? ???????? ... _??_ ?? ???? ...;?;?;;;;;PART;??;PART;;;;
23803;;??;??;PR;;;???????? ... ?? _??_ ???? ... ???;?;?;;;;;PR;??;PR;;;;
23804;;????;????;APRO - gen sg plen f -;;;... ?? ?? _????_ ... ??? ????????????;?;?;?;?;;;APRO;????;A - loc sg plen f -;;;;
23805;;...;...;PUNCT;?????;;;;;;;;;PUNCT;;;;;;
23806;;???;??;SPRO pl 1p - acc;;;?? ???? ... _???_ ???????????? .. ???;?;?;?;;;;SPRO;??;SPRO pl 1p - loc;;;;
23807;;????????????;????????????;V ipf praet sg indic f -;;;???? ... ??? _????????????_ .. ??? ????;?;?;?;?;?;?;V;????????????;V ipf praet sg indic f -;;;;
23808;;..;..;PUNCT; ?????;;;;;;;;;PUNCT;;;;;;
23809;;???;??;SPRO pl 1p -gen;;;??? ???????????? .. _???_ ???? 15 ,;?;?;?;;;;SPRO;??;SPRO pl 1p - loc;;;;
23810;;????;????;V ipf praet sg indic n -;;;???????????? .. ??? _????_ 15 , ?;?;?;?;?;;;V;????;V ipf praet sg indic n -;;;;
23811;;15;15;NUM - - -;;;.. ??? ???? _15_ , ? ??;5;1;;;;;NUM;15;NUM - - -;;;;
23812;;,;,;PUNCT;;;;;;;;;;PUNCT;;;;;;
23813;;?;?;CONJ;;;???? 15 , _?_ ?? ???? ???????;?;;;;;;CONJ;?;CONJ;;;;
23814;;??;???;SPRO pl 3p - gen;;;15 , ? _??_ ???? ??????? 20;?;?;;;;;SPRO;???;SPRO pl - - acc;;;;
23815;;????;????;V ipf praet sg indic n -;;;, ? ?? _????_ ??????? 20 ??????????????;?;?;?;?;;;V;????;V ipf praet sg indic n -;;;;
23816;;???????;???????;S m anim gen pl;;;? ?? ???? _???????_ 20 ?????????????? ..;?;?;?;?;?;?;S;???????;S m anim gen pl;;;;
23817;;20;20;NUM - - -;;;?? ???? ??????? _20_ ?????????????? .. ;0;2;;;;;NUM;20;NUM - - -;;;;
23818;;??????????????;????????????;PARTCP ipf inpraes gen pl plen - act -;;;???? ??????? 20 _??????????????_ ..  ?????;?;?;?;?;?;?;PARTCP;????????????;PARTCP ipf inpraes loc pl plen - act -;;;;
23819;;..;..;PUNCT; ?????;;;;;;;;;PUNCT;;;;;;
23820;"<span class=""note"">";;;;;;;;;;;;;;;;;;;
23821;<note>;?????;;; ?????;;;;;;;;;;;;;;;
23822;</span>;;;;;;;;;;;;;;;;;;;
23823;;?;?;CONJ;;; ?????  _?_ ????? , ??????;?;;;;;;CONJ;?;CONJ;;;;
23824;;?????;?????;ADVPRO;;;?????  ? _?????_ , ?????? ,;?;?;?;?;?;;ADV;?????;ADV -;;;;
23825;;,;,;PUNCT;;;;;;;;;;PUNCT;;;;;;
23826;;??????;??????;PARENTH;;;? ????? , _??????_ , ????? ????????;?;?;?;?;?;?;ADV;??????;ADV -;;;;
23827;;,;,;PUNCT;;;;;;;;;;PUNCT;;;;;;
23828;;?????;?????;S m anim nom pl;;;, ?????? , _?????_ ???????? ?? ???;?;?;?;?;?;;S;?????;S m anim nom pl;;;;
23829;;????????;?????????;V ipf praes pl indic - 3p;;;?????? , ????? _????????_ ?? ??? :;?;?;?;?;?;?;V;?????????;V ipf praes pl indic - 3p;;;;
23830;;??;??;PR;;;, ????? ???????? _??_ ??? : «;?;?;;;;;PR;??;PR;;;;
23831;;???;?;SPRO sg 1p - dat;;;????? ???????? ?? _???_ : « ?;?;?;?;;;;SPRO;?;SPRO sg 1p - dat;;;;
23832;;:;:;PUNCT;;;;;;;;;;PUNCT;;;;;;
23833;;«;«;PUNCT;;;;;;;;;;PUNCT;;;;;;
23834;;?;?;INTJ;;;??? : « _?_ ... ?? ??;?;;;;;;INTJ;?;INTJ;;;;
23835;;...;...;PUNCT;?????;;;;;;;;;PUNCT;;;;;;
23836;;??;??;SPRO pl 2p - nom;;;« ? ... _??_ ?? ?????? ?????;?;?;;;;;SPRO;??;SPRO pl 2p - nom;;;;
23837;;??;??;PART;;;? ... ?? _??_ ?????? ????? ?;?;?;;;;;PART;??;PART;;;;
23838;;??????;??????;V ipf praes pl indic - 2p;;;... ?? ?? _??????_ ????? ? ????;?;?;?;?;?;?;V;??????;V ipf praes pl indic - 2p;;;;
23839;;?????;?????;V pf - - inf - -;;;?? ?? ?????? _?????_ ? ???? ??????;?;?;?;?;?;;V;?????;V pf - - inf - -;;;;
23840;;?;?;PR;;;?? ?????? ????? _?_ ???? ?????? ?;?;;;;;;PR;?;PR;;;;
23841;;????;???;APRO - acc sg plen f -;;;?????? ????? ? _????_ ?????? ? »;?;?;?;?;;;APRO;???;A - acc sg plen f -;;;;
23842;;??????;??????;S f inan acc sg;;;????? ? ???? _??????_ ? » ;?;?;?;?;?;?;S;??????;S f inan acc sg;;;;
23843;;?;?;PUNCT;;;;;;;;;;PUNCT;;;;;;
23844;;»;»;PUNCT;;;;;;;;;;PUNCT;;;;;;
23845;;;;;;;;;;;;;;;;;;;;
23846;# sent = 1686;;;;;;;;;;;;;;;;;;;
23847;;??;??;PART;;;»   _??_ ? ???? ,;?;?;;;;;PART;??;PART;;;;
23848;;?;?;SPRO sg 1p - nom;;;  ?? _?_ ???? , ???;?;;;;;;SPRO;?;SPRO sg 1p - nom;;;;
23849;;????;?????;V ipf praes sg indic - 1p;;; ?? ? _????_ , ??? ???;?;?;?;?;;;V;?????;V ipf praes sg indic - 1p;;;;
23850;;,;,;PUNCT;;;;;;;;;;PUNCT;;;;;;
23851;;???;???;CONJ;;;? ???? , _???_ ??? ?? ????;?;?;?;;;;CONJ;???;CONJ;;;;
23852;;???;???;SPRO n - nom sg;;;???? , ??? _???_ ?? ???? ?????????;?;?;?;;;;SPRO;???;S n - nom sg;;;;
23853;;??;??;PR;;;, ??? ??? _??_ ???? ????????? ?????;?;?;;;;;PR;??;PR;;;;
23854;;????;????;APRO - gen sg plen f -;;;??? ??? ?? _????_ ????????? ????? ,;?;?;?;?;;;APRO;????;A - gen sg plen f -;;;;
23855;;?????????;?????????;S f inan gen sg;;;??? ?? ???? _?????????_ ????? , ??;?;?;?;?;?;?;S;?????????;S f inan gen sg;;;;
23856;;?????;?????;S m anim nom pl;;;?? ???? ????????? _?????_ , ?? ????;?;?;?;?;?;;S;?????;S m anim nom pl;;;;
23857;;,;,;PUNCT;;;;;;;;;;PUNCT;;;;;;
23858;;??;??;CONJ;;;????????? ????? , _??_ ???? , ???;?;?;;;;;CONJ;??;CONJ;;;;
23859;;????;?????;V ipf praes sg indic - 1p;;;????? , ?? _????_ , ??? ???;?;?;?;?;;;V;?????;V ipf praes sg indic - 1p;;;;
23860;;,;,;PUNCT;;;;;;;;;;PUNCT;;;;;;
23861;;???;???;CONJ;;;?? ???? , _???_ ??? ?????? .;?;?;?;;;;CONJ;???;CONJ;;;;
23862;;???;???;SPRO n - nom sg;;;???? , ??? _???_ ?????? . ;?;?;?;;;;SPRO;???;S n - nom sg;;;;
23863;;??????;??????;PRAEDIC;;;, ??? ??? _??????_ .  ;?;?;?;?;?;?;PRAEDIC;??????;ADV -;;;;
23864;;.;.;PUNCT;;;;;;;;;;PUNCT;;;;;;
23865;;;;;;;;;;;;;;;;;;;;
23866;# sent = 1687;;;;;;;;;;;;;;;;;;;
23867;;???????;???????;V pf praet pl indic - -;;;.   _???????_ : « ??????;?;?;?;?;?;?;V;???????;V pf praet pl indic - -;;;;
23868;;:;:;PUNCT;;;;;;;;;;PUNCT;;;;;;
23869;;«;«;PUNCT;;;;;;;;;;PUNCT;;;;;;
23870;;??????;??????;PRAEDIC;;;??????? : « _??????_ !  ;?;?;?;?;?;?;PRAEDIC;??????;ADV -;;;;
23871;;!;!;PUNCT;;;;;;;;;;PUNCT;;;;;;
23872;;;;;;;;;;;;;;;;;;;;
23873;# sent = 1688;;;;;;;;;;;;;;;;;;;
23874;;?? ? ???? ??????;?? ? ???? ??????;ADV -;?????????;;!   _?? ? ???? ??????_ ! » .;?;?;?;?;?;?;ADV;?? ? ???? ??????;ADV -;;;;
23875;;!;!;PUNCT;;;;;;;;;;PUNCT;;;;;;
23876;;»;»;PUNCT;;;;;;;;;;PUNCT;;;;;;
23877;;.;.;PUNCT;;;;;;;;;;PUNCT;;;;;;
23878;;;;;;;;;;;;;;;;;;;;
23879;# sent = 1689;;;;;;;;;;;;;;;;;;;
23880;;??;??;PART;;;.   _??_ ? ????? :;?;?;;;;;PART;??;PART;;;;
23881;;?;?;SPRO sg 1p - nom;;;  ?? _?_ ????? : ???;?;;;;;;SPRO;?;SPRO sg 1p - nom;;;;
23882;;?????;??????;V ipf praes sg indic - 1p;;; ?? ? _?????_ : ??? ???;?;?;?;?;?;;V;??????;V ipf praes sg indic - 1p;;;;
23883;;:;:;PUNCT;;;;;;;;;;PUNCT;;;;;;
23884;;???;???;SPRO n inan nom sg;;;? ????? : _???_ ??? ?????? ?;?;?;?;;;;CONJ;???;CONJ;;;;
23885;;???;?;SPRO sg 1p - dat;;;????? : ??? _???_ ?????? ? ;?;?;?;;;;SPRO;?;SPRO sg 1p - dat;;;;
23886;;??????;??????;V ipf - - inf - -;;;: ??? ??? _??????_ ?  ;?;?;?;?;?;?;V;??????;V ipf - - inf - -;;;;
23887;;?;?;PUNCT;;;;;;;;;;PUNCT;;;;;;
23888;;;;;;;;;;;;;;;;;;;;
23889;# sent = 1690;;;;;;;;;;;;;;;;;;;
23890;"<span class=""note"">";;;;;;;;;;;;;;;;;;;
23891;<note>;???????;;;???????;;;;;;;;;;;;;;;
23892;</span>;;;;;;;;;;;;;;;;;;;
23893;;.;.;PUNCT;;;;;;;;;;PUNCT;;;;;;
23894;;;;;;;;;;;;;;;;;;;;
23895;# sent = 1691;;;;;;;;;;;;;;;;;;;
23896;;??????;?????;SPRO m - gen sg;;;.   _??????_ ????? ??? —;?;?;?;?;?;?;S;?????;S m - gen sg;;;;
23897;;?????;?????;ADV -;;;  ?????? _?????_ ??? — ??;?;?;?;?;?;;ADV;?????;ADV -;;;;
23898;;???;???; PRAEDIC;;; ?????? ????? _???_ — ?? ?????;?;?;?;;;;ADV;???;ADV -;;;;
23899;;—;—;PUNCT;;;;;;;;;;PUNCT;;;;;;
23900;;??;??;PR;;;????? ??? — _??_ ????? ?????????? ?;?;?;;;;;PR;??;PR;;;;
23901;;?????;?????;S f inan loc sg;;;??? — ?? _?????_ ?????????? ? ;?;?;?;?;?;;S;?????;S f inan loc sg;;;;
23902;;??????????;??????????;V ipf - - inf - -;;;— ?? ????? _??????????_ ?  ;?;?;?;?;?;?;V;??????????;V ipf - - inf - -;;;;
23903;;?;?;PUNCT;;;;;;;;;;PUNCT;;;;;;
23904;;;;;;;;;;;;;;;;;;;;
23905;# sent = 1692;;;;;;;;;;;;;;;;;;;
23906;;?;?;SPRO sg 1p - nom;;;?   _?_ ???? ? ??????;?;;;;;;SPRO;?;SPRO sg 1p - nom;;;;
23907;;????;?????;V pf praet sg indic f -;;;  ? _????_ ? ?????? ,;?;?;?;?;;;S;????;S n inan acc pl;;;;
23908;;?;?;PR;;; ? ???? _?_ ?????? , ?;?;;;;;;PR;?;PR;;;;
23909;;??????;??????;S f inan acc sg;;;? ???? ? _??????_ , ? ??;?;?;?;?;?;?;S;??????;S f inan acc sg;;;;
23910;;,;,;PUNCT;;;;;;;;;;PUNCT;;;;;;
23911;;?;?;CONJ;;;? ?????? , _?_ ?? ??????? ?;?;;;;;;CONJ;?;CONJ;;;;
23912;;??;??;SPRO pl 1p - nom;;;?????? , ? _??_ ??????? ? ?????????;?;?;;;;;SPRO;??;SPRO pl 1p - nom;;;;
23913;;???????;???????;V pf praet pl indic - -;;;, ? ?? _???????_ ? ????????? .;?;?;?;?;?;?;V;???????;V pf praet pl indic - -;;;;
23914;;?;?;PR;;;? ?? ??????? _?_ ????????? . ;?;;;;;;PR;?;PR;;;;
23915;;?????????;?????????;S f inan acc sg;;;?? ??????? ? _?????????_ .  ;?;?;?;?;?;?;S;?????????;S f inan acc sg;;;;
23916;;.;.;PUNCT;;;;;;;;;;PUNCT;;;;;;
23917;;;;;;;;;;;;;;;;;;;;
23918;# sent = 1693;;;;;;;;;;;;;;;;;;;
23919;;??;??;PART;;;.   _??_ ??? ?? ????;?;?;;;;;PART;??;PART;;;;
23920;;???;???;SPRO pl - - nom;;;  ?? _???_ ?? ???? ???;?;?;?;;;;SPRO;???;SPRO pl - - nom;;;;
23921;;??;??;PR;;; ?? ??? _??_ ???? ??? ??;?;?;;;;;PR;??;PR;;;;
23922;;????;?;SPRO sg 1p - ins;;;?? ??? ?? _????_ ??? ?? ??????;?;?;?;?;;;SPRO;?;SPRO sg 1p - ins;;;;
23923;;???;???;PART;;;??? ?? ???? _???_ ?? ?????? ?????????????;?;?;?;;;;ADV;???;ADV -;;;;
23924;;??;??;PR;;;?? ???? ??? _??_ ?????? ????????????? ,;?;?;;;;;PR;??;PR;;;;
23925;;??????;??????;S f inan dat sg;;;???? ??? ?? _??????_ ????????????? , ?;?;?;?;?;?;?;S;??????;S f inan dat sg;;;;
23926;;?????????????;?????????????;V ipf praet pl indic - -;;;??? ?? ?????? _?????????????_ , ? ?;?;?;?;?;?;?;V;?????????????;V ipf praet pl indic - -;;;;
23927;;,;,;PUNCT;;;;;;;;;;PUNCT;;;;;;
23928;;?;?;CONJ;;;?????? ????????????? , _?_ ? ??? ?????;?;;;;;;CONJ;?;CONJ;;;;
23929;;?;?;SPRO sg 1p - nom;;;????????????? , ? _?_ ??? ????? ??????;?;;;;;;SPRO;?;SPRO sg 1p - nom;;;;
23930;;???;????;APRO - acc pl plen - inan;;;, ? ? _???_ ????? ?????? ,;?;?;?;;;;APRO;????;A - acc pl plen - inan;;;;
23931;;?????;?????;S n inan acc sg;;;? ? ??? _?????_ ?????? , ???;?;?;?;?;?;;S;?????;S n inan acc sg;;;;
23932;;??????;??????;V ipf praet sg indic f -;;;? ??? ????? _??????_ , ??? ????;?;?;?;?;?;?;V;??????;V ipf praet sg indic f -;;;;
23933;;,;,;PUNCT;;;;;;;;;;PUNCT;;;;;;
23934;;???;???;CONJ;;;????? ?????? , _???_ ???? ?????? ,;?;?;?;;;;CONJ;???;CONJ;;;;
23935;;????;????;V ipf praes sg indic - 3p;;;?????? , ??? _????_ ?????? , ????????;?;?;?;?;;;V;????;V ipf praes sg indic - 3p;;;;
23936;;??????;??????;S f inan nom sg;;;, ??? ???? _??????_ , ???????? .;?;?;?;?;?;?;S;??????;S f inan nom sg;;;;
23937;;,;,;PUNCT;;;;;;;;;;PUNCT;;;;;;
23938;;????????;????????;PARENTH;;;???? ?????? , _????????_ .  ;?;?;?;?;?;?;ADV;????????;ADV -;;;;
23939;;.;.;PUNCT;;;;;;;;;;PUNCT;;;;;;
23940;;;;;;;;;;;;;;;;;;;;
23941;# sent = 1694;;;;;;;;;;;;;;;;;;;
23942;;?? ????;?? ????;CONJ;;;.   _?? ????_ ?????? ????? ???;?;?;?;?; ;?;CONJ;?? ????;ADV -;;;;
23943;;??????;??????;APRO - nom sg plen m -;;;  ?? ???? _??????_ ????? ??? ?????????;?;?;?;?;?;?;APRO;??????;A - nom sg plen m -;;;;
23944;;?????;?????;S m inan nom sg;;; ?? ???? ?????? _?????_ ??? ????????? ,;?;?;?;?;?;;S;?????;S m inan nom sg;;;;
23945;;???;???;ADVPRO;;;?? ???? ?????? ????? _???_ ????????? , ?????;?;?;?;;;;ADV;???;ADV -;;;;
23946;;?????????;?????????;V ipf praet sg indic f -;;;?????? ????? ??? _?????????_ , ????? ???;?;?;?;?;?;?;V;?????????;V ipf praet sg indic f -;;;;
23947;;,;,;PUNCT;;;;;;;;;;PUNCT;;;;;;
23948;;?????;?????;CONJ;;;??? ????????? , _?????_ ??? ?????-?? ?????-?????;?;?;?;?;?;;CONJ;?????;CONJ;;;;
23949;;???;????;V ipf praet sg indic m -;;;????????? , ????? _???_ ?????-?? ?????-????? ??????????;?;?;?;;;;V;????;V ipf praet sg indic m -;;;;
23950;;?????-??;?????-??;APRO - nom sg plen m -;;;, ????? ??? _?????-??_ ?????-????? ?????????? .;?;?;-;?;?;?;APRO;?????-??;A - nom sg plen m -;;;;
23951;;?????-?????;?????-?????;ADV -;;;????? ??? ?????-?? _?????-?????_ ?????????? . ;?;?;?;?;?;-;ADV;?????-?????;ADV -;;;;
23952;;??????????;??????????;A - nom sg plen m -;;;??? ?????-?? ?????-????? _??????????_ .  ;?;?;?;?;?;?;A;??????????;A - nom sg plen m -;;;;
23953;;.;.;PUNCT;;;;;;;;;;PUNCT;;;;;;
23954;;;;;;;;;;;;;;;;;;;;
23955;# sent = 1695;;;;;;;;;;;;;;;;;;;
23956;;?;?;CONJ;;;.   _?_ ????? ?? ?????????;?;;;;;;CONJ;?;CONJ;;;;
23957;;?????;?????; ADVPRO;;;  ? _?????_ ?? ????????? ;?;?;?;?;?;;CONJ;?????;CONJ;;;;
23958;;??;??;SPRO pl 1p - nom;;; ? ????? _??_ ?????????  ???????;?;?;;;;;SPRO;??;SPRO pl 1p - nom;;;;
23959;;?????????;?????????;V pf praet pl indic - -;;;? ????? ?? _?????????_  ??????? ;?;?;?;?;?;?;V;?????????;V pf praet pl indic - -;;;;
23960;"<span class=""note"">";;;;;;;;;;;;;;;;;;;
23961;<note>;???????;;;???????;;;;;;;;;;;;;;;
23962;</span>;;;;;;;;;;;;;;;;;;;
23963;;?;?;PR;;; ???????  _?_  ???? ;?;;;;;;PR;?;S - - nonflex -;;;;
23964;"<distinct form=""";;;;;;;;;;;;;;;;;;;
23965;<dist>;????;;;;;;;;;;;;;;;;;;
23966;""">";;;;;;;;;;;;;;;;;;;
23967;;??;???;SPRO pl - - acc;;; ????  _??_   ???????;?;?;;;;;SPRO;???;SPRO pl - - acc;?;;;
23968;</distinct>;;;;;;;;;;;;;;;;;;;
23969;"											
<span class=note"">";;;;;;;;;;;;;;;;;;;
23970;<note>;???????;;;????????;;;;;;;;;;;;;;;
23971;</span>;;;;;;;;;;;;;;;;;;;
23972;;?????????;?????????;S f inan  dat sg;;; ???????  _?????????_ , ??? ???;?;?;?;?;?;?;S;?????????;S f inan loc sg;;;;
23973;;,;,;PUNCT;;;;;;;;;;PUNCT;;;;;;
23974;;???;???;ADVPRO;;; ????????? , _???_ ??? ????? ????????????;?;?;?;;;;ADV;???;ADV -;;;;
23975;;???;???;ADV -;;;????????? , ??? _???_ ????? ???????????? ?????;?;?;?;;;;ADV;???;ADV -;;;;
23976;;?????;??????;V ipf praet sg indic m -;;;, ??? ??? _?????_ ???????????? ????? ??????;?;?;?;?;?;;V;??????;V ipf praet sg indic m -;;;;
23977;;????????????;????????????;S m anim nom sg;;;??? ??? ????? _????????????_ ????? ?????? ??;?;?;?;?;?;?;S;????????????;S m anim nom sg;;;;
23978;;?????;???;APRO - gen sg plen f -;;;??? ????? ???????????? _?????_ ?????? ?? ?????;?;?;?;?;?;;APRO;???;A - gen sg plen f -;;;;
23979;;??????;??????;S f inan gen sg;;;????? ???????????? ????? _??????_ ?? ????? ?;?;?;?;?;?;?;S;??????;S f inan gen sg;;;;
23980;;??;??;PR;;;???????????? ????? ?????? _??_ ????? ? ???????;?;?;;;;;PR;??;PR;;;;
23981;;?????;?????;S f inan loc sg;;;????? ?????? ?? _?????_ ? ??????? ?????????;?;?;?;?;?;;S;?????;S f inan loc sg;;;;
23982;;?;?;CONJ;;;?????? ?? ????? _?_ ??????? ????????? ,;?;;;;;;CONJ;?;CONJ;;;;
23983;;???????;???????;ADV -;;;?? ????? ? _???????_ ????????? , ???;?;?;?;?;?;?;ADV;???????;ADV -;;;;
23984;;?????????;??????????;V ipf praet sg indic m -;;;????? ? ??????? _?????????_ , ??? ????;?;?;?;?;?;?;V;??????????;V ipf praet sg indic m -;;;;
23985;;,;,;PUNCT;;;;;;;;;;PUNCT;;;;;;
23986;;???;???;CONJ;;;??????? ????????? , _???_ ???? ??? .;?;?;?;;;;CONJ;???;CONJ;;;;
23987;;????;?;SPRO sg 1p - gen;;;????????? , ??? _????_ ??? . ??;?;?;?;?;;;SPRO;?;SPRO sg 1p - acc;;;;
23988;;???;???;PRAEDIC;;;, ??? ???? _???_ . ?? ???;?;?;?;;;;PART;???;PART;;;;
23989;;.;.;PUNCT;;;;;;;;;;PUNCT;;;;;;
23990;;??;??;PART;;;???? ??? . _??_ ??? ??? .;?;?;;;;;PART;??;PART;;;;
23991;;???;???;PART;;;??? . ?? _???_ ??? . ;?;?;?;;;;PART;???;PART;;;;
23992;;???;???;ADVPRO;;;. ?? ??? _???_ .  ;?;?;?;;;;ADV;???;ADV -;;;;
23993;;.;.;PUNCT;;;;;;;;;;PUNCT;;;;;;
23994;;;;;;;;;;;;;;;;;;;;
23995;# sent = 1696;;;;;;;;;;;;;;;;;;;
23996;;???;???;SPRO n - nom sg;;;.   _???_ ????????  ;?;?;?;;;;S;???;S n - nom sg;;;;
23997;;????????;????????;V pf praet sg indic n -;;;  ??? _????????_   ;?;?;?;?;?;?;V;????????;V pf praet sg indic n -;;;;
