# doc = poezdka_v_frg.2.txt;;;;;;;;;;;;;;;;;???????;???????;S f inan nom sg;;;   _???????_ ? ??? ;?;?;?;?;?;?;S;???????;S f inan nom sg;?;?;?;PR;;;  ??????? _?_ ???  ;?;;;;;;PR;?;PR;?;???;???;S f anim acc sg;;; ??????? ? _???_   ;?;?;?;;;;S;???;S f inan nonflex -;?;;;;;;;;;;;;;;;;# sent = 1613;;;;;;;;;;;;;;;;# speaker = ?????????;;;;;;;;;;;;;;;;# sent = 1614;;;;;;;;;;;;;;;;;???;???;APRO - nom sg plen f -;;;   _???_ ?????? ??????? ????;?;?;?;;;;APRO;???;A - nom sg plen f -;?;??????;??????;ANUM - nom sg plen f -;;;  ??? _??????_ ??????? ???? ??;?;?;?;?;?;?;A;??????;A - nom sg plen f -;?;???????;???????;S f inan nom sg;;; ??? ?????? _???????_ ???? ?? ???????;?;?;?;?;?;?;S;???????;S f inan nom sg;?;????;????;V ipf praet sg indic f -;;;??? ?????? ??????? _????_ ?? ??????? .;?;?;?;?;;;V;????;V ipf praet sg indic f -;?;??;??;PR;;;?????? ??????? ???? _??_ ??????? . ;?;?;;;;;PR;??;PR;?;???????;???????;S f inan acc sg;;;??????? ???? ?? _???????_ .  ;?;?;?;?;?;?;S;???????;S f inan acc sg;?;.;.;PUNCT;;;;;;;;;;PUNCT;;;;;;;;;;;;;;;;;;;# sent = 1615;;;;;;;;;;;;;;;;;???;???;SPRO n - nom sg;;;.   _???_ ???? É ???;?;?;?;;;;SPRO;???;S n - nom sg;?;????;????;V ipf praet sg indic f -;;;  ??? _????_ É ??? ?????;?;?;?;?;;;V;????;V ipf praet sg indic f -;?;É;É;PUNCT;;;;;;;;;;PUNCT;;;;???;????;V ipf praet sg indic m -;;;??? ???? É _???_ ????? ?????? ??????;?;?;?;;;;V;????;V ipf praet sg indic m -;?;?????;?????;ADV -;;;???? É ??? _?????_ ?????? ?????? Ñ;?;?;?;?;?;;ADV;?????;ADV -;?;??????;??????;A - nom sg plen m -;;;É ??? ????? _??????_ ?????? Ñ ?????;?;?;?;?;?;?;A;??????;A - nom sg plen m -;?;??????;??????;S m inan nom sg;;;??? ????? ?????? _??????_ Ñ ????? ?;?;?;?;?;?;?;S;??????;S m inan nom sg;?;Ñ;Ñ;PUNCT;;;;;;;;;;PUNCT;;;;?????;?????;ADV -;;;?????? ?????? Ñ _?????_ ? ???????? ????????;?;?;?;?;?;;ADV;?????;ADV -;?;?;?;PR;;;?????? Ñ ????? _?_ ???????? ???????? .;?;;;;;;PR;?;PR;?;????????;????????;A - acc sg plen f -;;;Ñ ????? ? _????????_ ???????? . ;?;?;?;?;?;?;A;????????;A - acc sg plen f -;?;????????;????????;S f inan acc sg;;;????? ? ???????? _????????_ .  ;?;?;?;?;?;?;S;????????;S f inan acc sg;?;.;.;PUNCT;;;;;;;;;;PUNCT;;;;;;;;;;;;;;;;;;;# sent = 1616;;;;;;;;;;;;;;;;;?;?;PR;;;.   _?_ ??? ????????? ?????????;?;;;;;;PR;?;PR;?;???;??;SPRO pl 1p - loc;;;  ? _???_ ????????? ????????? ,;?;?;?;;;;SPRO;??;SPRO pl 1p - loc;?;?????????;?????????;V pf praet sg indic f -;;; ? ??? _?????????_ ????????? , ???;?;?;?;?;?;?;V;?????????;V pf praet sg indic f -;?;?????????;?????????;S f inan nom sg;;;? ??? ????????? _?????????_ , ??? ??????????;?;?;?;?;?;?;S;?????????;S f inan nom sg;?;,;,;PUNCT;;;;;;;;;;PUNCT;;;;???;???;SPRO n - nom sg;;;????????? ????????? , _???_ ?????????? Ç ?????????;?;?;?;;;;SPRO;???;S n - nom sg;?;??????????;??????????;V ipf praet sg indic n -;;;????????? , ??? _??????????_ Ç ????????? ????????;?;?;?;?;?;?;V;??????????;V ipf praet sg indic n -;?;Ç;Ç;PUNCT;;;;;;;;;;PUNCT;;;;?????????;?????????;A - nom sg plen f -;;;??? ?????????? Ç _?????????_ ???????? È ,;?;?;?;?;?;?;A;?????????;A - nom sg plen f -;?;????????;????????;S f inan acc sg;;;?????????? Ç ????????? _????????_ È , ?????????;?;?;?;?;?;?;S;????????;S f inan acc sg;?;È;È;PUNCT;;;;;;;;;;PUNCT;;;;,;,;PUNCT;;;;;;;;;;PUNCT;;;;?????????;?????????;S f inan nom sg;;;???????? È , _?????????_ ...  ;?;?;?;?;?;?;S;?????????;S f inan nom sg;?;...;...;PUNCT;;;;;;;;;;PUNCT;;;;;;;;;;;;;;;;;;;# sent = 1617;;;;;;;;;;;;;;;;"<distinct form=""";;;;;;;;;;;;;;;;<dist>;???;;;;;;;;;;;;;;;""">";;;;;;;;;;;;;;;;;?;?;PR;;; ???  _?_  ????????? ????;?;;;;;;PR;?;S - - nonflex -;?</distinct>;;;;;;;;;;;;;;;;;?????????;?????????;S f inan loc sg;;; ?  _?????????_ ???? 15 ???????;?;?;?;?;?;?;S;?????????;S f inan gen sg;?;????;????;V ipf praet sg indic n -;;;?  ????????? _????_ 15 ??????? :;?;?;?;?;;;V;????;V ipf praet sg indic n -;?;15;15;NUM - - -;;; ????????? ???? _15_ ??????? : 3;5;1;;;;;NUM;15;NUM - - -;5;???????;???????;S m anim gen pl;;;????????? ???? 15 _???????_ : 3 ???????;?;?;?;?;?;?;S;???????;S m anim gen pl;?;:;:;PUNCT;;;;;;;;;;PUNCT;;;;3;3;NUM - - -;;;15 ??????? : _3_ ??????? , ?;3;;;;;;NUM;3;NUM - - -;3;???????;???????;S f anim nom pl;;;??????? : 3 _???????_ , ? ?????????;?;?;?;?;?;?;S;???????;S f anim gen sg;?;,;,;PUNCT;;;;;;;;;;PUNCT;;;;?;?;CONJ;;;3 ??????? , _?_ ????????? ???? ???????;?;;;;;;CONJ;?;CONJ;?;?????????;?????????;SPRO - nom pl plen - -;;;??????? , ? _?????????_ ???? ??????? .;?;?;?;?;?;?;A;?????????;A - nom pl plen - -;?;????;????;V ipf praet pl indic - -;;;, ? ????????? _????_ ??????? . ;?;?;?;?;;;V;????;V ipf praet pl indic - -;?;???????;???????;S m anim nom pl;;;? ????????? ???? _???????_ .  ;?;?;?;?;?;?;S;???????;S m anim nom pl;?;.;.;PUNCT;;;;;;;;;;PUNCT;;;;;;;;;;;;;;;;;;;# sent = 1618;;;;;;;;;;;;;;;;;???????;???????;S f anim nom pl;;;.   _???????_ Ñ ??? ????;?;?;?;?;?;?;S;???????;S f anim nom pl;?;Ñ;Ñ;PUNCT;;;;;;;;;;PUNCT;;;;???;???;SPRO n - nom sg;;; ??????? Ñ _???_ ???? ? ,;?;?;?;;;;SPRO;???;S n - nom sg;?;????;????;V ipf praet sg indic f -;;;??????? Ñ ??? _????_ ? , ??????;?;?;?;?;;;V;????;V ipf praet sg indic f -;?;?;?;SPRO sg 1p - nom;;;Ñ ??? ???? _?_ , ?????? ??????;?;;;;;;SPRO;?;SPRO sg 1p - nom;?;,;,;PUNCT;;;;;;;;;;PUNCT;;;;??????;??????;S m anim nom sg;;;???? ? , _??????_ ?????? ????????? ,;?;?;?;?;?;?;S;??????;S m anim nom sg;?;??????;???;APRO - gen sg plen m -;;;? , ?????? _??????_ ????????? , ?????;?;?;?;?;?;?;APRO;???;A - gen sg plen m -;?;?????????;????????;S m inan gen sg;;;, ?????? ?????? _?????????_ , ????? ????;?;?;?;?;?;?;S;????????;S m inan gen sg;?;,;,;PUNCT;;;;;;;;;;PUNCT;;;;?????;?????;ADVPRO;;;?????? ????????? , _?????_ ???? ??????????? ,;?;?;?;?;?;;ADV;?????;ADV -;?;????;????;V ipf praet sg indic f -;;;????????? , ????? _????_ ??????????? , ?;?;?;?;?;;;V;????;V ipf praet sg indic f -;?;???????????;???????????;S f anim nom sg;;;, ????? ???? _???????????_ , ? ???????;?;?;?;?;?;?;S;???????????;S f anim nom sg;?;,;,;PUNCT;;;;;;;;;;PUNCT;;;;?;?;PR;;;???? ??????????? , _?_ ??????? ? ?? ??? ???;?;;;;;;PR;?;PR;?;???????;???????;APRO - loc sg plen f -;;;??????????? , ? _???????_ ? ?? ??? ??? ?????;?;?;?;?;?;?;APRO;???????;A - loc sg plen f -;?;?;?;SPRO sg 1p - nom;;;, ? ??????? _?_ ?? ??? ??? ????? ?;?;;;;;;SPRO;?;SPRO sg 1p - nom;?;?? ??? ???;?? ??? ???;ADV -;;;? ??????? ? _?? ??? ???_ ????? ? ???;?;?;?; ;?;?;ADV;?? ??? ???;ADV -;?;?????;???????;V ipf praes sg indic - 1p;;;??????? ? ?? ??? ??? _?????_ ? ??? ????;?;?;?;?;?;;V;???????;V ipf praes sg indic - 1p;?;?;?;CONJ;;;? ?? ??? ??? ????? _?_ ??? ???? ..;?;;;;;;CONJ;?;CONJ;?;???;???;ADV -;;;?? ??? ??? ????? ? _???_ ???? .. ???;?;?;?;;;;ADV;???;ADV -;?;????;????;V ipf praet sg indic f -;;;????? ? ??? _????_ .. ??? ..;?;?;?;?;;;V;????;V ipf praet sg indic f -;?;..;..;PUNCT;?????;;;;;;;;;PUNCT;;;;???;???;INTJ;;;??? ???? .. _???_ .. ???? ???????;?;?;?;;;;S;???;S n inan loc sg;?;..;..;PUNCT;?????;;;;;;;;;PUNCT;;;;????;????;PART;;;.. ??? .. _????_ ??????? , ???;?;?;?;?;;;PART;????;PART;?;???????;???????;S f anim nom sg;;;??? .. ???? _???????_ , ??? ?????????;?;?;?;?;?;?;S;???????;S f anim nom sg;?;,;,;PUNCT;;;;;;;;;;PUNCT;;;;???;???;CONJ;;;???? ??????? , _???_ ????????? . ;?;?;?;;;;CONJ;???;CONJ;?;?????????;?????????;V pf praet sg indic n -;;;??????? , ??? _?????????_ .  ;?;?;?;?;?;?;V;?????????;V pf praet sg indic n -;?;É;É;PUNCT;?????;;;;;;;;;PUNCT;;;;;;;;;;;;;;;;;;;# sent = 1619;;;;;;;;;;;;;;;;;????????;?????????;V ipf praet sg indic m -;;;  . _????????_ ??? ????? ,;?;?;?;?;?;?;V;?????????;V ipf praet sg indic m -;?;???;??;SPRO pl 1p -acc;;; . ???????? _???_ ????? , ???;?;?;?;;;;SPRO;??;SPRO pl 1p - loc;?;?????;?????;S m anim nom sg;;;. ???????? ??? _?????_ , ??? ????;?;?;?;?;?;;S;?????;S m anim nom sg;?;,;,;PUNCT;;;;;;;;;;PUNCT;;;;???;???;SPRO n - nom sg;;;??? ????? , _???_ ???? ??? ?????;?;?;?;;;;SPRO;???;S n - nom sg;?;????;????;S f anim nom sg;;;????? , ??? _????_ ??? ????? ????;?;?;?;?;;;S;????;S f anim nom sg;?;???;???;APRO;;;, ??? ???? _???_ ????? ???? .;?;?;?;;;;APRO;???;A - nonflex - plen - -;?;?????;????;S m anim gen sg;;;??? ???? ??? _?????_ ???? . ;?;?;?;?;?;;S;????;S m anim gen sg;?;????;????;V ipf praet sg indic f -;;;???? ??? ????? _????_ .  ;?;?;?;?;;;V;????;V ipf praet sg indic f -;?;.;.;PUNCT;;;;;;;;;;PUNCT;;;;;;;;;;;;;;;;;;;# sent = 1620;;;;;;;;;;;;;;;;;???;???;PART;;;.   _???_ 3 ??????? ,;?;?;?;;;;PART;???;PART;?;3;3;NUM - - -;;;  ??? _3_ ??????? , ?;3;;;;;;NUM;3;NUM - - -;3;???????;???????;S f anim nom pl;;; ??? 3 _???????_ , ? ?????????;?;?;?;?;?;?;S;???????;S f anim nom pl;?;,;,;PUNCT;;;;;;;;;;PUNCT;;;;?;?;CONJ;;;3 ??????? , _?_ ????????? ??????? .;?;;;;;;CONJ;?;CONJ;?;?????????;?????????;APRO - nom pl plen - -;;;??????? , ? _?????????_ ??????? . ;?;?;?;?;?;?;A;?????????;A - nom pl plen - -;?;???????;???????;S m anim nom pl;;;, ? ????????? _???????_ .  ;?;?;?;?;?;?;S;???????;S m anim nom pl;?;.;.;PUNCT;;;;;;;;;;PUNCT;;;;;;;;;;;;;;;;;;;# sent = 1621;;;;;;;;;;;;;;;;# speaker = ?????????;;;;;;;;;;;;;;;;# sent = 1622;;;;;;;;;;;;;;;;"<span class=""note"">";;;;;;;;;;;;;;;;<note>;?????;;;?????;;;;;;;;;;;;;??;??;PART;;; ?????  _??_ ... ? ??;?;?;;;;;PART;??;PART;;...;...;PUNCT;?????;;;;;;;;;PUNCT;;;;?;?;SPRO sg 1p - nom;;; ?? ... _?_ ?? ?????-?? ??????;?;;;;;;SPRO;?;SPRO sg 1p - nom;?;??;???;SPRO pl - - dat;;;?? ... ? _??_ ?????-?? ?????? ??????;?;?;;;;;SPRO;???;SPRO pl - - dat;?;?????-??;?????-??;APRO -  acc pl plen - -;;;... ? ?? _?????-??_ ?????? ?????? ?;?;?;-;?;?;?;APRO;?????-??;A - nom pl plen - -;;??????;??????;S f inan acc pl;;;? ?? ?????-?? _??????_ ?????? ? ;?;?;?;?;?;?;S;??????;S f inan nom pl;?;??????;??????;V ipf praet sg indic f -;;;?? ?????-?? ?????? _??????_ ?  ??????;?;?;?;?;?;?;V;??????;V ipf praet sg indic f -;?;?;?;PR;;;?????-?? ?????? ?????? _?_  ?????? ;?;;;;;;PR;?;PR;?"<distinct form=""";;;;;;;;;;;;;;;;<dist>;??????;;;;;;;;;;;;;;;?""">";;;;;;;;;;;;;;;;;???;???;S f inan loc sg;;; ??????  _???_  , ?????;?;?;?;;;;S;???;S f inan nonflex -;?</distinct>;;;;;;;;;;;;;;;;;,;,;PUNCT;;;;;;;;;;PUNCT;;;;?????;?????;CONJ;;;???  , _?????_ ??? ???????????? ,;?;?;?;?;?;;CONJ;?????;CONJ;?;???;???;SPRO pl - - nom;;; , ????? _???_ ???????????? , ???;?;?;?;;;;SPRO;???;SPRO pl - - nom;?;????????????;????????????;V ipf praet pl indic - -;;;, ????? ??? _????????????_ , ??? ??;?;?;?;?;?;?;V;????????????;V ipf praet pl indic - -;?;,;,;PUNCT;;;;;;;;;;PUNCT;;;;???;???;CONJ;;;??? ???????????? , _???_ ?? ?????? ,;?;?;?;;;;CONJ;???;CONJ;?;??;??;PR;;;???????????? , ??? _??_ ?????? , ???;?;?;;;;;PR;??;PR;?;??????;??????;S f inan nom sg;;;, ??? ?? _??????_ , ??? ??;?;?;?;?;?;?;S;??????;S f inan nom sg;?;,;,;PUNCT;;;;;;;;;;PUNCT;;;;???;???;CONJ;;;?? ?????? , _???_ ?? ?????? ,;?;?;?;;;;CONJ;???;CONJ;?;??;??;PR;;;?????? , ??? _??_ ?????? , ???;?;?;;;;;PR;??;PR;?;??????;??????;S m inan nom pl;;;, ??? ?? _??????_ , ??? ???;?;?;?;?;?;?;S;??????;S m inan acc pl;?;,;,;PUNCT;;;;;;;;;;PUNCT;;;;???;???;CONJ;;;?? ?????? , _???_ ??? ???? ????;?;?;?;;;;CONJ;???;CONJ;?;???;???;ADV -;;;?????? , ??? _???_ ???? ???? ,;?;?;?;;;;ADV;???;ADV -;?;????;????;PRAEDIC;;;, ??? ??? _????_ ???? , ?;?;?;?;?;;;PRAEDIC;????;ADV -;?;????;????;V ipf - - inf - -;;;??? ??? ???? _????_ , ? ???;?;?;?;?;;;V;????;V ipf - - inf - -;?;,;,;PUNCT;;;;;;;;;;PUNCT;;;;?;?;CONJ;;;???? ???? , _?_ ??? ????? ,;?;;;;;;CONJ;?;CONJ;?;???;???;ADV -; ??????;;???? , ? _???_ ????? , ?;?;?;?;;;;ADV;???;ADV -;?;?????;?????;ADV -;;;, ? ??? _?????_ , ? ???;?;?;?;?;?;;ADV;?????;ADV -;?;,;,;PUNCT;;;;;;;;;;PUNCT;;;;?;?;CONJ;;;??? ????? , _?_ ??? ????? ...;?;;;;;;CONJ;?;CONJ;?;???;???;ADV -;??????;;????? , ? _???_ ????? ... ;?;?;?;;;;ADV;???;ADV -;?;?????;?????;ADV -;;;, ? ??? _?????_ ...  ;?;?;?;?;?;;ADV;?????;ADV -;?;...;...;PUNCT;?????;;;;;;;;;PUNCT;;;;;;;;;;;;;;;;;;;# sent = 1625;;;;;;;;;;;;;;;;;??;??;PR;;;.   _??_ ????? ???? ????;?;?;;;;;PR;??;PR;?;?????;???;SPRO n - gen sg;;;  ?? _?????_ ???? ???? ??????;?;?;?;?;?;;SPRO;???;S n - gen sg;?;????;????;PART;;; ?? ????? _????_ ???? ?????? ???;?;?;?;?;;;PART;????;PART;?;????;????;V ipf praet pl indic - -;;;?? ????? ???? _????_ ?????? ??? ???????;?;?;?;?;;;V;????;V ipf praet pl indic - -;?;??????;??????;APRO - nom pl plen - -;;;????? ???? ???? _??????_ ??? ??????? ,;?;?;?;?;?;?;A;??????;A - nom pl plen - -;?;???;???;PART;;;???? ???? ?????? _???_ ??????? , ?;?;?;?;;;;PART;???;PART;?;???????;???????;S f inan nom pl;;;???? ?????? ??? _???????_ , ? ????;?;?;?;?;?;?;S;???????;S f inan nom pl;?;,;,;PUNCT;;;;;;;;;;PUNCT;;;;?;?;CONJ;;;??? ??????? , _?_ ???? ???? ...;?;;;;;;CONJ;?;CONJ;?;????;????;PRAEDIC;;;??????? , ? _????_ ???? ... ?;?;?;?;?;;;PRAEDIC;????;ADV -;?;????;????;V ipf praet sg indic n -;;;, ? ???? _????_ ... ? ??;?;?;?;?;;;V;????;V ipf praet sg indic n -;?;...;...;PUNCT;?????;;;;;;;;;PUNCT;;;;?;?;SPRO sg 1p - nom;;;???? ???? ... _?_ ?? ???????????? ?;?;;;;;;SPRO;?;SPRO sg 1p - nom;?;??;???;SPRO pl - - dat;;;???? ... ? _??_ ???????????? ? ????????;?;?;;;;;SPRO;???;SPRO pl - - dat;?;????????????;????????????;V ipf praet sg indic f -;;;... ? ?? _????????????_ ? ???????? ,;?;?;?;?;?;?;V;????????????;V ipf praet sg indic f -;?;?;?;PR;;;? ?? ???????????? _?_ ???????? , ??;?;;;;;;PR;?;PR;?;????????;????????;S f inan loc sg;;;?? ???????????? ? _????????_ , ?? ???????;?;?;?;?;?;?;S;????????;S f inan loc sg;?;,;,;PUNCT;;;;;;;;;;PUNCT;;;;??;??;PR;;;? ???????? , _??_ ??????? , ?;?;?;;;;;PR;??;PR;?;???????;??????;S m inan loc pl;;;???????? , ?? _???????_ , ? ?????;?;?;?;?;?;?;S;??????;S m inan loc pl;?;,;,;PUNCT;;;;;;;;;;PUNCT;;;;?;?;PR;;;?? ??????? , _?_ ????? , ;?;;;;;;PR;?;PR;?;?????;???????;S m anim loc pl;;;??????? , ? _?????_ ,  ??;?;?;?;?;?;;S;???????;S m anim loc pl;?;,;,;PUNCT;;;;;;;;;;PUNCT;;;"<distinct form=""";;;;;;;;;;;;;;;;<dist>;??;;;;;;;;;;;;;;;">																
	???	???	PR			 ??  _???_  ... ???	?	?	?				PR	???	PR	?
</distinct>																
	...	...	PUNCT										PUNCT			
	???	???	PR			???  ... _???_ ???? ?????? .	?	?	?				PR	???	PR	?
	????	???	S n - loc sg			 ... ??? _????_ ?????? . 	?	?	?	?			S	???	S n - loc sg	?
	??????	??????	A - loc sg plen n -			... ??? ???? _??????_ .  	?	?	?	?	?	?	A	??????	A - loc sg plen n -	?
	.	.	PUNCT										PUNCT			
																
# sent = 1626																
	?	?	CONJ			.   _?_ , ??????? ,	?						CONJ	?	CONJ	?
	,	,	PUNCT										PUNCT			
	???????	???????	ADV -			 ? , _???????_ , ????????? ???????	?	?	?	?	?	?	ADV	???????	ADV -	?
	,	,	PUNCT										PUNCT			
	?????????	?????????	A - nom sg plen f -			, ??????? , _?????????_ ??????? ????? ????????	?	?	?	?	?	?	A	?????????	A - nom sg plen f -	?
	???????	???????	S f inan nom sg			??????? , ????????? _???????_ ????? ???????? .	?	?	?	?	?	?	S	???????	S f inan nom sg	?
	?????	?????	PR			, ????????? ??????? _?????_ ???????? . 	?	?	?	?	?		PR	?????	PR	?
	????????	???????	S f inan ins sg			????????? ??????? ????? _????????_ .  	?	?	?	?	?	?	S	???????	S f inan ins sg	?
	.	.	PUNCT										PUNCT			
																
# sent = 1627																
# speaker = ?????????																
# sent = 1628																";;;;;;;;;;;;;;;;;???;???;PR;;; ??  _???_  ... ???;?;?;?;;;;PR;???;PR;?</distinct>;;;;;;;;;;;;;;;;;...;...;PUNCT;?????;;;;;;;;;PUNCT;;;;???;???;PR;;;???  ... _???_ ???? ?????? .;?;?;?;;;;PR;???;PR;?;????;???;SPRO n - loc sg;;; ... ??? _????_ ?????? . ;?;?;?;?;;;S;???;S n - loc sg;?;??????;??????;SPRO- loc sg plen n -;;;... ??? ???? _??????_ .  ;?;?;?;?;?;?;A;??????;A - loc sg plen n -;?;.;.;PUNCT;;;;;;;;;;PUNCT;;;;;;;;;;;;;;;;;;;# sent = 1626;;;;;;;;;;;;;;;;;?;?;CONJ;;;.   _?_ , ??????? ,;?;;;;;;CONJ;?;CONJ;?;,;,;PUNCT;;;;;;;;;;PUNCT;;;;???????;???????;PARENTH;;; ? , _???????_ , ????????? ???????;?;?;?;?;?;?;ADV;???????;ADV -;?;,;,;PUNCT;;;;;;;;;;PUNCT;;;;?????????;?????????;A - nom sg plen f -;;;, ??????? , _?????????_ ??????? ????? ????????;?;?;?;?;?;?;A;?????????;A - nom sg plen f -;?;???????;???????;S f inan nom sg;;;??????? , ????????? _???????_ ????? ???????? .;?;?;?;?;?;?;S;???????;S f inan nom sg;?;?????;?????;PR;;;, ????????? ??????? _?????_ ???????? . ;?;?;?;?;?;;PR;?????;PR;?;????????;???????;S f inan ins sg;;;????????? ??????? ????? _????????_ .  ;?;?;?;?;?;?;S;???????;S f inan ins sg;?;.;.;PUNCT;;;;;;;;;;PUNCT;;;;;;;;;;;;;;;;;;;# sent = 1627;;;;;;;;;;;;;;;;# speaker = ?????????;;;;;;;;;;;;;;;;# sent = 1628;;;;;;;;;;;;;;;;;??;??;PART;;;   _??_ ???? ????????????? ?????;?;?;;;;;PART;??;PART;?;????;????;APRO - nom sg plen m -;;;  ?? _????_ ????????????? ????? ???;?;?;?;?;;;APRO;????;A - nom sg plen m -;?;?????????????;?????????????;A - nom sg plen m -;;; ?? ???? _?????????????_ ????? ??? ????????????;?;?;?;?;?;?;A;?????????????;A - nom sg plen m -;?;?????;?????;S m anim nom sg;;;?? ???? ????????????? _?????_ ??? ???????????? ???????;?;?;?;?;?;;S;?????;S m anim nom sg;?;???;???;CONJ;;;???? ????????????? ????? _???_ ???????????? ??????? :;?;?;?;;;;CONJ;???;CONJ;?;????????????;????????????;S m anim nom sg;;;????????????? ????? ??? _????????????_ ??????? : ;?;?;?;?;?;?;S;????????????;S m anim nom sg;?;???????;????????;V ipf praes sg indic - 3p;;;????? ??? ???????????? _???????_ :  ;?;?;?;?;?;?;V;????????;V ipf praes sg indic - 3p;?;:;:;PUNCT;;;;;;;;;;PUNCT;;;;;;;;;;;;;;;;;;;# sent = 1629;;;;;;;;;;;;;;;;# speaker = ?????????;;;;;;;;;;;;;;;;# sent = 1630;;;;;;;;;;;;;;;;;??;??;PART;;;   _??_ ??????? ?????? ????????????;?;?;;;;;PART;??;PART;?;???????;??????;V ipf - pl imper - 2p;;;  ?? _???????_ ?????? ???????????? ????;?;?;?;?;?;?;V;??????;V ipf - pl imper - 2p;?;??????;??????;ADV -;;; ?? ??????? _??????_ ???????????? ???? .;?;?;?;?;?;?;ADV;??????;ADV -;?;????????????;????????????;V ipf - - inf - -;;;?? ??????? ?????? _????????????_ ???? . ;?;?;?;?;?;?;V;????????????;V ipf - - inf - -;?;????;????;S f inan acc pl;;;??????? ?????? ???????????? _????_ .  ;?;?;?;?;;;S;????;S f inan acc pl;?;.;.;PUNCT;;;;;;;;;;PUNCT;;;;;;;;;;;;;;;;;;;# sent = 1631;;;;;;;;;;;;;;;;;??;??;SPRO sg 2p - nom;;;.   _??_ ??? ? Ñ;?;?;;;;;SPRO;??;SPRO sg 2p - nom;?;???;???;SPRO m anim nom sg;;;  ?? _???_ ? Ñ ??????????;?;?;?;;;;S;???;S m anim nom sg;?;?;?;PUNCT;;;;;;;;;;PUNCT;;;;Ñ;Ñ;PUNCT;;;;;;;;;;PUNCT;;;;??????????;??????????;V ipf praes sg indic - 3p;;;??? ? Ñ _??????????_ ?????? ??????? .;?;?;?;?;?;?;V;??????????;V ipf praes sg indic - 3p;?;??????;????;ANUM - acc sg plen m anim;;;? Ñ ?????????? _??????_ ??????? . ;?;?;?;?;?;?;ANUM;????;A - acc sg plen m anim;?;???????;???????;S m anim acc sg;;;Ñ ?????????? ?????? _???????_ .  ;?;?;?;?;?;?;S;???????;S m anim acc sg;?;.;.;PUNCT;;;;;;;;;;PUNCT;;;;;;;;;;;;;;;;;;;# sent = 1632;;;;;;;;;;;;;;;;# speaker = ?????????;;;;;;;;;;;;;;;;# sent = 1633;;;;;;;;;;;;;;;;;?;?;SPRO sg 1p - nom;;;   _?_ ??????? . ;?;;;;;;SPRO;?;SPRO sg 1p - nom;?;???????;???????;S m anim nom sg;;;  ? _???????_ .  ;?;?;?;?;?;?;S;???????;S m anim nom sg;?;.;.;PUNCT;;;;;;;;;;PUNCT;;;;;;;;;;;;;;;;;;;# sent = 1634;;;;;;;;;;;;;;;;# speaker = ?????????;;;;;;;;;;;;;;;;# sent = 1635;;;;;;;;;;;;;;;;;?;?;CONJ;;;   _?_ ?? ??? ?;?;;;;;;CONJ;?;CONJ;?;??;??;SPRO sg 2p - nom;;;  ? _??_ ??? ? ;?;?;;;;;SPRO;??;SPRO sg 2p - nom;?;???;???;SPRO m anim nom sg;;; ? ?? _???_ ?  ;?;?;?;;;;S;???;S m anim nom sg;?;?;?;PUNCT;;;;;;;;;;PUNCT;;;;;;;;;;;;;;;;;;;# sent = 1636;;;;;;;;;;;;;;;;# speaker = ?????????;;;;;;;;;;;;;;;;# sent = 1637;;;;;;;;;;;;;;;;;?;?;SPRO sg 1p - nom;;;   _?_ ??? ??? ???-??;?;;;;;;SPRO;?;SPRO sg 1p - nom;?;???;???;PART;;;  ? _???_ ??? ???-?? .;?;?;?;;;;ADV;???;ADV -;?;???;???;ADV -;;; ? ??? _???_ ???-?? . ;?;?;?;;;;ADV;???;ADV -;?;???-??;???-??;SPRO m - nom sg;;;? ??? ??? _???-??_ .  ;?;?;-;?;?;?;S;???-??;S m - nom sg;?;.;.;PUNCT;;;;;;;;;;PUNCT;;;;;;;;;;;;;;;;;;;# sent = 1638;;;;;;;;;;;;;;;;# speaker = ?????????;;;;;;;;;;;;;;;;# sent = 1639;;;;;;;;;;;;;;;;;?;?;CONJ;;;   _?_ ????? ????? ??;?;;;;;;CONJ;?;CONJ;?;?????;?????;CONJ;;;  ? _?????_ ????? ?? ????;?;?;?;?;?;;CONJ;?????;CONJ;?;?????;?????;V pf praet sg indic f -;;; ? ????? _?????_ ?? ???? ???????;?;?;?;?;?;;A;??????;A - - sg brev f -;?;??;??;PR;;;? ????? ????? _??_ ???? ??????? ,;?;?;;;;;PR;??;PR;?;????;?;SPRO sg 1p - gen;;;????? ????? ?? _????_ ??????? , ?;?;?;?;?;;;SPRO;?;SPRO sg 1p - acc;?;???????;???????;S f inan nom sg;;;????? ?? ???? _???????_ , ? ???????;?;?;?;?;?;?;S;???????;S f inan acc sg;?;,;,;PUNCT;;;;;;;;;;PUNCT;;;;?;?;SPRO sg 1p - nom;;;???? ??????? , _?_ ??????? : ;?;;;;;;SPRO;?;SPRO sg 1p - nom;?;???????;???????;V pf praet sg indic f -;;;??????? , ? _???????_ :  ;?;?;?;?;?;?;V;???????;V pf praet sg indic f -;?;:;:;PUNCT;;;;;;;;;;PUNCT;;;;;;;;;;;;;;;;;;;# sent = 1640;;;;;;;;;;;;;;;;# speaker = ?????????;;;;;;;;;;;;;;;;# sent = 1641;;;;;;;;;;;;;;;;;?;?;CONJ;;;   _?_ ? ??? ?;?;;;;;;CONJ;?;CONJ;?;?;?;SPRO sg 1p - nom;;;  ? _?_ ??? ? ;?;;;;;;SPRO;?;SPRO sg 1p - nom;?;???;???;SPRO m anim nom sg;;; ? ? _???_ ?  ;?;?;?;;;;S;???;S m anim nom sg;?;?;?;PUNCT;;;;;;;;;;PUNCT;;;;;;;;;;;;;;;;;;;# sent = 1642;;;;;;;;;;;;;;;;;Ñ;Ñ;PUNCT;;;;;;;;;;PUNCT;;;;?;?;SPRO sg 1p - nom;;;  Ñ _?_ ???????? . ;?;;;;;;SPRO;?;SPRO sg 1p - nom;?;????????;????????;V pf praet sg indic f -;;; Ñ ? _????????_ .  ;?;?;?;?;?;?;V;????????;V pf praet sg indic f -;?;.;.;PUNCT;;;;;;;;;;PUNCT;;;;;;;;;;;;;;;;;;;# sent = 1643;;;;;;;;;;;;;;;;;Ñ;Ñ;PUNCT;;;;;;;;;;PUNCT;;;;?;?;CONJ;;;  Ñ _?_ ??? ? ?;?;;;;;;CONJ;?;CONJ;?;???;???;SPRO m anim nom sg;;; Ñ ? _???_ ? ? ;?;?;?;;;;S;???;S m - nom sg;?;?;?;SPRO sg 1p - nom;;;Ñ ? ??? _?_ ?  ;?;;;;;;SPRO;?;SPRO sg 1p - nom;?;?;?;PUNCT;;;;;;;;;;PUNCT;;;;;;;;;;;;;;;;;;;# sent = 1644;;;;;;;;;;;;;;;;# speaker = ?????????;;;;;;;;;;;;;;;;# sent = 1645;;;;;;;;;;;;;;;;;??;??;PART;;;   _??_ ?? ???? ??;?;?;;;;;PART;??;PART;?;??;??;SPRO sg 2p - nom;;;  ?? _??_ ???? ?? ;?;?;;;;;SPRO;??;SPRO sg 2p - nom;?;????;????;V ipf praes sg indic - 3p;;; ?? ?? _????_ ??  ???????;?;?;?;?;;;V;????;V ipf praes sg indic - 3p;?;??;??;SPRO sg 2p - nom;;;?? ?? ???? _??_  ??????? ;?;?;;;;;SPRO;??;SPRO sg 2p - nom;?"<span class=""note"">";;;;;;;;;;;;;;;;<note>;???????;;;???????;;;;;;;;;;;;</span>;;;;;;;;;;;;;;;;;.;.;PUNCT;;;;;;;;;;PUNCT;;;;;;;;;;;;;;;;;;;# sent = 1646;;;;;;;;;;;;;;;;;???;???;CONJ;;;.   _???_ ???? . ;?;?;?;;;;CONJ;???;CONJ;?;????;????;V ipf praes sg indic - 3p;;;  ??? _????_ .  ;?;?;?;?;;;V;????;V ipf praes sg indic - 3p;?;.;.;PUNCT;;;;;;;;;;PUNCT;;;;;;;;;;;;;;;;;;;# sent = 1647;;;;;;;;;;;;;;;;;??;??;SPRO sg 2p - nom;;;.   _??_ ?????? ????????? ,;?;?;;;;;SPRO;??;SPRO sg 2p - nom;?;??????;??????;S m anim nom sg;;;  ?? _??????_ ????????? , ??????;?;?;?;?;?;?;S;??????;S m anim nom sg;?;?????????;????????;S m inan gen sg;;; ?? ?????? _?????????_ , ?????? ??????;?;?;?;?;?;?;S;????????;S m inan gen sg;?;,;,;PUNCT;;;;;;;;;;PUNCT;;;;??????;????????;V ipf - sg imper - 2p;;;?????? ????????? , _??????_ ?????? ? ????;?;?;?;?;?;?;V;????????;V ipf - sg imper - 2p;?;??????;??????;PART;;;????????? , ?????? _??????_ ? ???? ,;?;?;?;?;?;?;PART;??????;PART;?;?;?;PR;;;, ?????? ?????? _?_ ???? , ?;?;;;;;;PR;?;PR;?;????;????;SPRO - - - loc;;;?????? ?????? ? _????_ , ? ????;?;?;?;?;;;SPRO;????;SPRO - - - loc;?;,;,;PUNCT;;;;;;;;;;PUNCT;;;;?;?;PR;;;? ???? , _?_ ???? ???? ???;?;;;;;;PR;?;PR;?;????;??;SPRO sg 2p - gen;;;???? , ? _????_ ???? ??? ;?;?;?;?;;;SPRO;??;SPRO sg 2p - acc;?;????;????;S f inan gen sg;;;, ? ???? _????_ ???  ???????;?;?;?;?;;;S;????;S f inan gen sg;?;???;???;PRAEDIC;;;? ???? ???? _???_  ??????? ;?;?;?;;;;ADV;???;ADV -;?"<span class=""note"">";;;;;;;;;;;;;;;;<note>;???????;;;???????;;;;;;;;;;;;</span>;;;;;;;;;;;;;;;;;.;.;PUNCT;;;;;;;;;;PUNCT;;;;;;;;;;;;;;;;;;;# sent = 1648;;;;;;;;;;;;;;;;# speaker = ?????????;;;;;;;;;;;;;;;;# sent = 1649;;;;;;;;;;;;;;;;;???;???;PART;;;   _???_ .  ;?;?;?;;;;PART;???;PART;?;.;.;PUNCT;;;;;;;;;;PUNCT;;;;;;;;;;;;;;;;;;;# sent = 1650;;;;;;;;;;;;;;;;;??;??;PART;;;.   _??_ ? ??? ???????????;?;?;;;;;PART;??;PART;?;?;?;CONJ;;;  ?? _?_ ??? ??????????? Ñ;?;;;;;;CONJ;?;CONJ;?;???;??;SPRO pl 1p - acc;;; ?? ? _???_ ??????????? Ñ ???;?;?;?;;;;SPRO;??;SPRO pl 1p - loc;?;???????????;???????????;V ipf praet pl indic - -;;;?? ? ??? _???????????_ Ñ ??? ?;?;?;?;?;?;?;V;???????????;V ipf praet pl indic - -;?;Ñ;Ñ;PUNCT;;;;;;;;;;PUNCT;;;;???;???;SPRO n - nom sg;;;??? ??????????? Ñ _???_ ? ???????????? ???;?;?;?;;;;SPRO;???;S n - nom sg;?;?;?;CONJ;;;??????????? Ñ ??? _?_ ???????????? ??? ?????????????;?;;;;;;CONJ;?;CONJ;?;????????????;????????????;S m anim nom sg;;;Ñ ??? ? _????????????_ ??? ????????????? ?????-??;?;?;?;?;?;?;S;????????????;S m anim nom sg;?;???;????;V ipf praet sg indic m -;;;??? ? ???????????? _???_ ????????????? ?????-?? ...;?;?;?;;;;V;????;V ipf praet sg indic m -;?;?????????????;?????????????;A - nom sg plen m -;;;? ???????????? ??? _?????????????_ ?????-?? ... ;?;?;?;?;?;?;A;?????????????;A - nom sg plen m -;?;?????-??;?????-??;APRO - nom sg plen m -;;;???????????? ??? ????????????? _?????-??_ ...  ;?;?;-;?;?;?;APRO;?????-??;A - nom sg plen m -;?;...;...;PUNCT;?????;;;;;;;;;PUNCT;;;;;;;;;;;;;;;;;;;# sent = 1651;;;;;;;;;;;;;;;;"<span class=""note"">";;;;;;;;;;;;;;;;<note>;?????;;;?????;;;;;;;;;;;;<span>;;;;;;;;;;;;;;;;;;;;;;;;;;;;;;;;;..;..;PUNCT;?????;;;;;;;;;PUNCT;;;;???????????;???????????;V ipf praet pl indic - -;;;?????  .. _???????????_ ??? ????? ,;?;?;?;?;?;?;V;???????????;V ipf praet pl indic - -;?;???;??;SPRO pl 1p -acc;;; .. ??????????? _???_ ????? , ?;?;?;?;;;;SPRO;??;SPRO pl 1p - loc;?;?????;?????;ADV -;;;.. ??????????? ??? _?????_ , ? ?;?;?;?;?;?;;ADV;?????;ADV -;?;,;,;PUNCT;;;;;;;;;;PUNCT;;;;?;?;CONJ;;;??? ????? , _?_ ? ?????????? ???;?;;;;;;CONJ;?;CONJ;?;?;?;PR;??????,  PARENTH;;????? , ? _?_ ?????????? ??? ???;?;;;;;;PR;?;PR;?;??????????;?????????;S m inan loc sg;;;, ? ? _??????????_ ??? ??? ...;?;?;?;?;?;?;S;?????????;S m inan loc sg;?;???;???;PART;;;? ? ?????????? _???_ ??? ... ???;?;?;?;;;;PART;???;PART;?;???;????;APRO - nom sg plen f -;;;? ?????????? ??? _???_ ... ??? ??;?;?;?;;;;APRO;????;A - nom sg plen f -;?;??;??;INTJ;;;... ??? ... _??_ .. ????? Ñ;?;?;;;;;INTJ;??;INTJ;?;..;..;PUNCT; ?????;;;;;;;;;PUNCT;;;;???;???;CONJ;;;??? ??? ... _???_ ?? ????? ,;?;?;?;;;;CONJ;???;CONJ;?;??;???;SPRO sg 3p f acc;;;??? ... ??? _??_ ????? , ?;?;?;;;;;SPRO;???;SPRO sg 3p f acc;?;?????;?????;V ipf praet pl indic - -;;;... ??? ?? _?????_ , ? ???;?;?;?;?;?;;V;?????;V ipf praet pl indic - -;?;,;,;PUNCT;;;;;;;;;;PUNCT;;;;?;?;SPRO sg 1p - nom;;;?? ????? , _?_ ??? ?????? ...;?;;;;;;SPRO;?;SPRO sg 1p - nom;?;???;???;ADV -;;;????? , ? _???_ ?????? ... ????;?;?;?;;;;ADV;???;ADV -;?;??????;??????;V pf praet sg indic f -;;;, ? ??? _??????_ ... ???? ?????;?;?;?;?;?;?;V;??????;V pf praet sg indic f -;?;...;...;PUNCT;?????;;;;;;;;;PUNCT;;;;????;????;S f anim nom sg;;;??? ?????? ... _????_ ????? ?????? ...;?;?;?;?;;;S;????;S f anim nom sg;?;?????;????;S m anim gen sg;;;?????? ... ???? _?????_ ?????? ... ?;?;?;?;?;?;;S;????;S - - acc sg;?;??????;?????;S m anim dat sg;;;... ???? ????? _??????_ ... ? ???;?;?;?;?;?;?;S;?????;S m anim dat sg;?;...;...;PUNCT;?????;;;;;;;;;PUNCT;;;;?;?;PR;;;????? ?????? ... _?_ ??? ???????? ???????;?;;;;;;PR;?;PR;?;???;???;SPRO sg 3p f gen;;;?????? ... ? _???_ ???????? ??????? ?????;?;?;?;;;;SPRO;???;SPRO sg 3p f acc;?;????????;????????;ADV -;;;... ? ??? _????????_ ??????? ????? ??;?;?;?;?;?;?;ADV;????????;ADV -;?;???????;???????;V pf praet sg indic f -;;;? ??? ???????? _???????_ ????? ?? ????;?;?;?;?;?;?;V;???????;V pf praet sg indic f -;?;?????;?????;S f inan nom sg;;;??? ???????? ??????? _?????_ ?? ???? ????;?;?;?;?;?;;S;?????;S f inan nom sg;?;??;??;PR;;;???????? ??????? ????? _??_ ???? ???? ??????????????;?;?;;;;;PR;??;PR;?;????;????;APRO - gen pl plen - -;;;??????? ????? ?? _????_ ???? ?????????????? .;?;?;?;?;;;APRO;????;A - loc pl plen - -;?;????;????;APRO - gen pl plen - -;;;????? ?? ???? _????_ ?????????????? . ;?;?;?;?;;;APRO;????;A - loc pl plen - -;?;??????????????;??????????????;S n inan gen pl;;;?? ???? ???? _??????????????_ .  ;?;?;?;?;?;?;S;??????????????;S n inan gen pl;?;.;.;PUNCT;;;;;;;;;;PUNCT;;;;;;;;;;;;;;;;;;;# sent = 1652;;;;;;;;;;;;;;;;;Ç;Ç;PUNCT;;;;;;;;;;PUNCT;;;;????;????;CONJ;;;  Ç _????_ ?? ? ..;?;?;?;?;;;CONJ;????;CONJ;?;??;??;SPRO pl 2p - nom;;; Ç ???? _??_ ? .. ??????;?;?;;;;;SPRO;??;SPRO pl 2p - nom;?;?;?;NONLEX;;;Ç ???? ?? _?_ .. ?????? ?;?;;;;;;NONLEX;?;S - - nonflex -;?;..;..;PUNCT;?????;;;;;;;;;PUNCT;;;;??????;?????;V pf fut pl indic - 2p;;;?? ? .. _??????_ ? ?????? ,;?;?;?;?;?;?;S;!;S f inan loc sg;?;?;?;PR;;;? .. ?????? _?_ ?????? , ??;?;;;;;;PR;?;PR;?;??????;??????;S f inan acc sg;;;.. ?????? ? _??????_ , ?? ??????;?;?;?;?;?;?;S;??????;S f inan acc sg;?;,;,;PUNCT;;;;;;;;;;PUNCT;;;;??;??;SPRO pl 2p - nom;;;? ?????? , _??_ ?????? ? ???? ,;?;?;;;;;SPRO;??;SPRO pl 2p - nom;?;??????;?????;V ipf - pl imper - 2p;;;?????? , ?? _??????_ ? ???? , ???;?;?;?;?;?;?;V;?????;V ipf - pl imper - 2p;?;? ????;? ????;ADV -;;;, ?? ?????? _? ????_ , ??? ??;?;?;?;?; ;?;ADV;? ????;ADV -;?;,;,;PUNCT;;;;;;;;;;PUNCT;;;;???;???;CONJ;;;?????? ? ???? , _???_ ?? ???? ????;?;?;?;;;;CONJ;???;CONJ;?;??;??;PR;;;? ???? , ??? _??_ ???? ???? ??????;?;?;;;;;PR;??;PR;?;????;??;SPRO pl 2p - ins;;;, ??? ?? _????_ ???? ?????? ??????;?;?;?;?;;;SPRO;??;SPRO pl 2p - ins;?;????;????;V ipf praes sg indic - 3p;;;??? ?? ???? _????_ ?????? ?????? ,;?;?;?;?;;;V;????;V ipf praes sg indic - 3p;?;??????;??????;APRO - nom sg plen f -;;;?? ???? ???? _??????_ ?????? , ???????;?;?;?;?;?;?;A;??????;A - nom sg plen f -;?;??????;??????;S f inan nom sg;;;???? ???? ?????? _??????_ , ??????? ??????????;?;?;?;?;?;?;S;??????;S f inan nom sg;?;,;,;PUNCT;;;;;;;;;;PUNCT;;;;???????;???????;APRO - nom sg plen f -;;;?????? ?????? , _???????_ ?????????? ??? ????;?;?;?;?;?;?;APRO;???????;A - nom sg plen f -;?;??????????;??????????;V ipf praes sg indic - 3p;;;?????? , ??????? _??????????_ ??? ???? ?????????;?;?;?;?;?;?;V;??????????;V ipf praes sg indic - 3p;?;???;????;APRO -  acc pl plen - -;;;, ??????? ?????????? _???_ ???? ????????? È;?;?;?;;;;APRO;????;A - nom pl plen - -;?;????;???;APRO - acc pl plen - -;;;??????? ?????????? ??? _????_ ????????? È .;?;?;?;?;;;APRO;???;A - nom pl plen - -;?;?????????;????????;S m inan acc pl;;;?????????? ??? ???? _?????????_ È . ;?;?;?;?;?;?;S;????????;S m inan nom pl;?;È;È;PUNCT;;;;;;;;;;PUNCT;;;;.;.;PUNCT;;;;;;;;;;PUNCT;;;;;;;;;;;;;;;;;;;# sent = 1653;;;;;;;;;;;;;;;;;??;??;PART;;;.   _??_ ... ? ...;?;?;;;;;PART;??;PART;?;...;...;PUNCT; ?????;;;;;;;;;PUNCT;;;;?;?;CONJ;;; ?? ... _?_ ...  ;?;;;;;;CONJ;?;CONJ;?;...;...;PUNCT;?????;;;;;;;;;PUNCT;;;;;;;;;;;;;;;;;;;# sent = 1654;;;;;;;;;;;;;;;;;????;????;S f anim nom sg;;;...   _????_ , ??-????? ,;?;?;?;?;;;S;????;S f anim nom sg;?;,;,;PUNCT;;;;;;;;;;PUNCT;;;;??-?????;??-?????; PARENTH;;; ???? , _??-?????_ , ?? ?????;?;?;?;?;?;-;ADV;??-?????;ADV -;?;,;,;PUNCT;;;;;;;;;;PUNCT;;;;??;???;SPRO sg 3p f acc;;;, ??-????? , _??_ ????? ... ?;?;?;;;;;SPRO;???;SPRO sg 3p f acc;?;?????;?????;V ipf praet pl indic - -;;;??-????? , ?? _?????_ ... ? ???;?;?;?;?;?;;V;?????;V ipf praet pl indic - -;?;...;...;PUNCT;?????;;;;;;;;;PUNCT;;;;?;?;CONJ;;;?? ????? ... _?_ ??? ??? ...;?;;;;;;CONJ;?;CONJ;?;???;???;PART;;;????? ... ? _???_ ??? ... ???;?;?;?;;;;PART;???;PART;?;???;???;SPRO sg 3p f nom;;;... ? ??? _???_ ... ??? ????-??;?;?;?;;;;SPRO;???;SPRO sg 3p f nom;?;...;...;PUNCT;?????;;;;;;;;;PUNCT;;;;???;??;SPRO pl 1p -  acc;;;??? ??? ... _???_ ????-?? ... ??;?;?;?;;;;SPRO;??;SPRO pl 1p - loc;?;????-??;????-??;ADVPRO;;;??? ... ??? _????-??_ ... ?? ?;?;?;-;?;?;?;ADV;????-??;ADV -;?;...;...;PUNCT;?????;;;;;;;;;PUNCT;;;;??;??;SPRO pl 1p - nom;;;??? ????-?? ... _??_ ? ?????-?? ?????????;?;?;;;;;SPRO;??;SPRO pl 1p - nom;?;?;?;PR;;;????-?? ... ?? _?_ ?????-?? ????????? ????;?;;;;;;PR;?;PR;?;?????-??;?????-??;APRO - loc sg plen m -;;;... ?? ? _?????-??_ ????????? ???? ???;?;?;-;?;?;?;APRO;?????-??;A - loc sg plen m -;?;?????????;?????????;A - loc sg plen m -;;;?? ? ?????-?? _?????????_ ???? ??? ????????????;?;?;?;?;?;?;A;?????????;A - loc sg plen m -;?;????;???;S m inan loc sg;;;? ?????-?? ????????? _????_ ??? ???????????? ...;?;?;?;?;;;S;???;S m inan loc sg;?;???;???;ADVPRO;;;?????-?? ????????? ???? _???_ ???????????? ... ?;?;?;?;;;;ADV;???;ADV -;?;????????????;????????????;V pf praet pl indic - -;;;????????? ???? ??? _????????????_ ... ? ?????;?;?;?;?;?;?;V;????????????;V pf praet pl indic - -;?;...;...;PUNCT;?????;;;;;;;;;PUNCT;;;;?;?;CONJ;;;??? ???????????? ... _?_ ????? ??? ?????;?;;;;;;CONJ;?;CONJ;?;?????;?????;ADV -;;;???????????? ... ? _?????_ ??? ????? ?;?;?;?;?;?;;ADV;?????;ADV -;?;???;???;SPRO sg 3p f nom;;;... ? ????? _???_ ????? ? ...;?;?;?;;;;SPRO;???;SPRO sg 3p f nom;?;?????;????;S f inan ins sg;;;? ????? ??? _?????_ ? ... ????????;?;?;?;?;?;;S;????;S f inan ins sg;?;?;?;PR;;;????? ??? ????? _?_ ... ???????? ??;?;;;;;;PR;?;PR;?;...;...;PUNCT;?????;;;;;;;;;PUNCT;;;;????????;?????????;V ipf praes sg indic - 3p;;;????? ? ... _????????_ ?? ??? ?;?;?;?;?;?;?;V;?????????;V ipf praes sg indic - 3p;?;??;??;PR;;;? ... ???????? _??_ ??? ? ???????;?;?;;;;;PR;??;PR;?;???;?;SPRO sg 1p - dat;;;... ???????? ?? _???_ ? ??????? :;?;?;?;;;;SPRO;?;SPRO sg 1p - dat;?;?;?;CONJ;;;???????? ?? ??? _?_ ??????? : Ç;?;;;;;;CONJ;?;CONJ;?;???????;????????;V ipf praes sg indic - 3p;;;?? ??? ? _???????_ : Ç ??;?;?;?;?;?;?;V;????????;V ipf praes sg indic - 3p;?;:;:;PUNCT;;;;;;;;;;PUNCT;;;;Ç;Ç;PUNCT;;;;;;;;;;PUNCT;;SPRO sg 3p m nom;?;??;??;SPRO sg 2p - nom;;;??????? : Ç _??_ ?????? ??? ,;?;?;;;;;SPRO;??;S m anim nom sg;?;??????;?????;V ipf praes sg indic - 2p;;;: Ç ?? _??????_ ??? , ?;?;?;?;?;?;?;V;?????;A - gen sg plen f -;?;???;???;CONJ;;;Ç ?? ?????? _???_ , ? ??????;?;?;?;;;;CONJ;???;S f inan loc sg;?;,;,;PUNCT;;;;;;;;;;PUNCT;;A - gen sg plen f -;?;?;?;SPRO sg 1p - nom;;;?????? ??? , _?_ ?????? ????? ,;?;;;;;;SPRO;?;S f inan gen sg;?;??????;??????;ADV -;;;??? , ? _??????_ ????? , ????;?;?;?;?;?;?;ADV;??????;;;?????;???????;V ipf praes sg indic - 1p;;;, ? ?????? _?????_ , ???? ??;?;?;?;?;?;;V;???????;V pf praet sg indic f -;?;,;,;PUNCT;;;;;;;;;;PUNCT;;CONJ;?;????;?;SPRO sg 1p - acc;;;?????? ????? , _????_ ?? ???????? ??????;?;?;?;?;;;SPRO;?;SPRO sg 3p f nom;?;??;??;PART;;;????? , ???? _??_ ???????? ?????? ???????;?;?;;;;;PART;??;V ipf praes sg indic - 3p;?;????????;?????????;V pf fut pl indic - 3p;;;, ???? ?? _????????_ ?????? ??????? ,;?;?;?;?;?;?;V;?????????;;;??????;??????;ADVPRO;;;???? ?? ???????? _??????_ ??????? , ????;?;?;?;?;?;?;ADV;??????;A - gen sg plen f -;?;???????;???????;ADV -;;;?? ???????? ?????? _???????_ , ???? ????????;?;?;?;?;?;?;ADV;???????;A - nom sg plen m -;?;,;,;PUNCT;;;;;;;;;;PUNCT;;S m anim nom sg;?;????;?;SPRO sg 1p - acc;;;?????? ??????? , _????_ ???????? È .;?;?;?;?;;;SPRO;?;V ipf praet sg indic m -;?;????????;??????????;V ipf praes pl indic - 3p;;;??????? , ???? _????????_ È . ;?;?;?;?;?;?;V;??????????;;;È;È;PUNCT;;;;;;;;;;PUNCT;;;;.;.;PUNCT;;;;;;;;;;PUNCT;;;;;;;;;;;;;;;;;;S m inan gen sg;?# sent = 1655;;;;;;;;;;;;;;;;;?;?;CONJ;;;.   _?_ ?????? . ;?;;;;;;CONJ;?;ADV -;?;??????;???????;V ipf praes sg indic - 3p;;;  ? _??????_ .  ;?;?;?;?;?;?;V;???????;;;.;.;PUNCT;;;;;;;;;;PUNCT;;CONJ;?;;;;;;;;;;;;;;;A - nom sg plen m -;?# sent = 1656;;;;;;;;;;;;;;;;;?;?;SPRO sg 1p - nom;;;.   _?_ ?????? : Ç;?;;;;;;SPRO;?;PART;?;??????;????????;V ipf praes sg indic - 1p;;;  ? _??????_ : Ç ??;?;?;?;?;?;?;V;????????;A - nom sg plen m -;?;:;:;PUNCT;;;;;;;;;;PUNCT;;PART;?;Ç;Ç;PUNCT;;;;;;;;;;PUNCT;;V ipf praes pl indic - 3p;?;??;??;PART;;;?????? : Ç _??_ ??? ?? .;?;?;;;;;PART;??;;;???;???; ADVPRO;;;: Ç ?? _???_ ?? . ;?;?;?;;;;CONJ;???;;;??;??;SPRO sg 2p - nom;;;Ç ?? ??? _??_ .  ;?;?;;;;;SPRO;??;;;.;.;PUNCT;;;;;;;;;;PUNCT;;PART;?;;;;;;;;;;;;;;;;# sent = 1657;;;;;;;;;;;;;;;V pf praet sg indic m -;?;??;??;PART;;;.   _??_ ?????? ???? ??;?;?;;;;;PART;??;A - nom sg plen m -;?;??????;?????;APRO - gen sg plen n -;;;  ?? _??????_ ???? ?? ?????;?;?;?;?;?;?;APRO;?????;S m anim nom sg;?;????;????;V ipf - - inf - -;;; ?? ?????? _????_ ?? ????? È;?;?;?;?;;;V;????;;;??;??;PART;;;?? ?????? ???? _??_ ????? È .;?;?;;;;;PART;??;SPRO pl 1p - nom;?;?????;????;V ipf praes sg indic - 3p;;;?????? ???? ?? _?????_ È . ;?;?;?;?;?;;V;????;ADV -;?;È;È;PUNCT;;;;;;;;;;PUNCT;;PR;?;.;.;PUNCT;;;;;;;;;;PUNCT;;SPRO sg 3p m ins;?;;;;;;;;;;;;;;;ADV -;?# sent = 1658;;;;;;;;;;;;;;;ADV -;?;??;??;PART;;;.   _??_ , ?????? ??????;?;?;;;;;PART;??;V ipf praet pl indic - -;?;,;,;PUNCT;;;;;;;;;;PUNCT;;;;??????;??????;PARENTH; ??????;; ?? , _??????_ ?????? , ???;?;?;?;?;?;?;ADV;??????;SPRO pl 1p - nom;?;??????;????????; PARENTH;;;?? , ?????? _??????_ , ??? ????????;?;?;?;?;?;?;V;????????;V pf praet pl indic - -;?;,;,;PUNCT;;;;;;;;;;PUNCT;;PR;?;???;???;SPRO sg 3p f nom;;;?????? ?????? , _???_ ???????? ???????? .;?;?;?;;;;SPRO;???;SPRO sg 3p m dat;?;????????;????????;ADV -;;;?????? , ??? _????????_ ???????? . ;?;?;?;?;?;?;ADV;????????;ADV -;?;????????;????????;V pf praet sg indic f -;;;, ??? ???????? _????????_ .  ;?;?;?;?;?;?;V;????????;;;.;.;PUNCT;;;;;;;;;;PUNCT;;CONJ;?;;;;;;;;;;;;;;;CONJ;?# sent = 1659;;;;;;;;;;;;;;;SPRO pl 1p - nom;?;?? ????;?? ????;CONJ;;;.   _?? ????_ ??? ??? ???;?;?;?;?; ;?;CONJ;?? ????;V pf praet pl indic - -;?;???;????;APRO - nom pl plen - -;;;  ?? ???? _???_ ??? ??? ??????????????;?;?;?;;;;APRO;????;;;???;???;PART;;; ?? ???? ??? _???_ ??? ?????????????? ,;?;?;?;;;;PART;???;V pf praet pl indic - -;?;???;????;APRO - nom pl plen - -;;;?? ???? ??? ??? _???_ ?????????????? , ???;?;?;?;;;;APRO;????;PR;?;??????????????;??????????????;S n inan nom pl;;;??? ??? ??? _??????????????_ , ??? ????;?;?;?;?;?;?;S;??????????????;;;,;,;PUNCT;;;;;;;;;;PUNCT;;INTJ;?;???;???;ADVPRO;;;??? ?????????????? , _???_ ???? ????? ,;?;?;?;;;;CONJ;???;;;????;????;SPRO - - - acc;;;?????????????? , ??? _????_ ????? , ???;?;?;?;?;;;SPRO;????;PART;?;?????;?????;V ipf - - inf - -;;;, ??? ???? _?????_ , ??? ??;?;?;?;?;?;;V;?????;S f inan nom sg;?;,;,;PUNCT;;;;;;;;;;PUNCT;;;;???;???;CONJ;;;???? ????? , _???_ ?? ?????? ,;?;?;?;;;;CONJ;???;ADV -;?;??;??;PART;;;????? , ??? _??_ ?????? , ???;?;?;;;;;PART;??;;;??????;??????;V ipf - - inf - -;;;, ??? ?? _??????_ , ??? ??????;?;?;?;?;?;?;V;??????;V ipf praet sg indic m -;?;,;,;PUNCT;;;;;;;;;;PUNCT;;A - acc sg plen m inan;?;???;???;CONJ;;;?? ?????? , _???_ ?????? . ;?;?;?;;;;CONJ;???;S m inan acc sg;?;??????;??????;V ipf - - inf - -;;;?????? , ??? _??????_ .  ;?;?;?;?;?;?;V;??????;;;.;.;PUNCT;;;;;;;;;;PUNCT;;A - nom sg plen m -;?;;;;;;;;;;;;;;;S f inan gen pl;?# sent = 1660;;;;;;;;;;;;;;;;;?;?;CONJ;;;.   _?_ ????? ?? ????????;?;;;;;;CONJ;?;;;?????;?????;CONJ;;;  ? _?????_ ?? ???????? ???????;?;?;?;?;?;;CONJ;?????;;;??;??;SPRO pl 1p - nom;;; ? ????? _??_ ???????? ??????? ,;?;?;;;;;SPRO;??;CONJ;?;????????;????????;V pf praet pl indic - -;;;? ????? ?? _????????_ ??????? , ?;?;?;?;?;?;?;V;????????;;;???????;???????;ADV -;;;????? ?? ???????? _???????_ , ? ?????????;?;?;?;?;?;?;ADV;???????;ADV -;?;,;,;PUNCT;;;;;;;;;;PUNCT;;;;?;?;PR;;;???????? ??????? , _?_ ????????? ????? ,;?;;;;;;PR;?;A - nom pl plen - -;?;?????????;?????????;S m inan acc sg;;;??????? , ? _?????????_ ????? , ???;?;?;?;?;?;?;S;?????????;A - nom pl plen - -;?;?????;?????;ADVPRO;;;, ? ????????? _?????_ , ??? ??????;?;?;?;?;?;;ADV;?????;S m anim nom pl;?;,;,;PUNCT;;;;;;;;;;PUNCT;;;;???;???;SPRO sg 3p f nom;;;????????? ????? , _???_ ?????? ? ????????;?;?;?;;;;SPRO;???;;;??????;????????;V pf praet sg indic f -;;;????? , ??? _??????_ ? ???????? .;?;?;?;?;?;?;V;????????;;;?;?;PR;;;, ??? ?????? _?_ ???????? . ;?;;;;;;PR;?;V pf praet pl indic - -;?;????????;????????;S f inan acc sg;;;??? ?????? ? _????????_ .  ;?;?;?;?;?;?;S;????????;PR;?;.;.;PUNCT;;;;;;;;;;PUNCT;;A - acc pl plen - inan;?;;;;;;;;;;;;;;;;# sent = 1661;;;;;;;;;;;;;;;;;???????;???????;A - loc sg plen m -;;;.   _???????_ , ????? ?????????;?;?;?;?;?;?;A;???????;S f inan acc pl;?;,;,;PUNCT;;;;;;;;;;PUNCT;;;;?????;?????;S m inan acc sg;;; ??????? , _?????_ ????????? ? ????????;?;?;?;?;?;;S;?????;CONJ;?;?????????;?????????;V pf praet sg indic f -;;;??????? , ????? _?????????_ ? ???????? .;?;?;?;?;?;?;V;?????????;SPRO pl 1p - nom;?;?;?;PR;;;, ????? ????????? _?_ ???????? . ;?;;;;;;PR;?;PR;?;????????;????????;S f inan loc sg;;;????? ????????? ? _????????_ .  ;?;?;?;?;?;?;S;????????;SPRO sg 3p m ins;?;.;.;PUNCT;;;;;;;;;;PUNCT;;ADV -;?;;;;;;;;;;;;;;;V ipf praet pl indic - -;?# sent = 1662;;;;;;;;;;;;;;;V pf - - inf - -;?;??;??;CONJ;;;.   _??_ .  ;?;?;;;;;CONJ;??;;;.;.;PUNCT;;;;;;;;;;PUNCT;;;;;;;;;;;;;;;;;;;# sent = 1663;;;;;;;;;;;;;;;PART;?;???;???;SPRO n inan nom sg;;;.   _???_ ???? ??? ????;?;?;?;;;;SPRO;???;V ipf praet sg indic f -;?;????;????;V ipf praet sg indic n -;;;  ??? _????_ ??? ???? ,;?;?;?;?;;;V;????;A - nom sg plen f -;?;???;???;PR;;; ??? ???? _???_ ???? , ???????;?;?;?;;;;PR;???;S f inan nom sg;?;????;?;SPRO sg 1p - gen;;;??? ???? ??? _????_ , ??????? ,;?;?;?;?;;;SPRO;?;PART;?;,;,;PUNCT;;;;;;;;;;PUNCT;;;;???????;???????;PARENTH;;;??? ???? , _???????_ , ????????? Ñ;?;?;?;?;?;?;ADV;???????;;;,;,;PUNCT;;;;;;;;;;PUNCT;;;;?????????;?????????;A - nom brev n -;;;, ??????? , _?????????_ Ñ ??????? ????;?;?;?;?;?;?;ADV;?????????;ADV -;?;Ñ;Ñ;PUNCT;;;;;;;;;;PUNCT;;;;???????;???????;V pf praet pl indic - -;;;, ????????? Ñ _???????_ ???? 15 ???????;?;?;?;?;?;?;V;???????;;;????;????;APRO - acc pl plen - anim;;;????????? Ñ ??????? _????_ 15 ??????? Ñ;?;?;?;?;;;APRO;????;;;15;15;NUM - - -;;;Ñ ??????? ???? _15_ ??????? Ñ ???;5;1;;;;;NUM;15;;;???????;???????;S m anim gen pl;;;??????? ???? 15 _???????_ Ñ ??? ??;?;?;?;?;?;?;S;???????;;;Ñ;Ñ;PUNCT;;;;;;;;;;PUNCT;;;;???;???;PART;;;15 ??????? Ñ _???_ ?? 3 ???????;?;?;?;;;;PART;???;;;??;??;SPRO pl 1p - nom;;;??????? Ñ ??? _??_ 3 ??????? ...;?;?;;;;;SPRO;??;SPRO pl 1p - loc;?;3;3;NUM - - -;;;Ñ ??? ?? _3_ ??????? ... ;3;;;;;;NUM;3;ADV -;?;???????;???????;S f anim nom pl;;;??? ?? 3 _???????_ ...  ;?;?;?;?;?;?;S;???????;;;...;...;PUNCT;?????;;;;;;;;;PUNCT;;INTJ;?;;;;;;;;;;;;;;;;# sent = 1664;;;;;;;;;;;;;;;;"<distinct form=""";;;;;;;;;;;;;;;;<dist>;?;;;;;;;;;;;;;;;<dist>;?????????;;;;;;;;;;;;;;;">														
	????????????	???????????	S f anim ins sg			? ?????????  _????????????_  ... ???????????	?	?	?	?	?	?	S	???????????
</distinct>														
	...	...	PUNCT										PUNCT	
	???????????	???????????	S f anim nom sg			????????????  ... _???????????_ , ???? ?	?	?	?	?	?	?	S	???????????
	,	,	PUNCT										PUNCT	
	????	????	S f anim nom sg			... ??????????? , _????_ ? ? ,	?	?	?	?			S	????
	?	?	CONJ			??????????? , ???? _?_ ? , ?????????	?						CONJ	?
	?	?	SPRO sg 1p - nom			, ???? ? _?_ , ????????? ???????	?						SPRO	?
	,	,	PUNCT										PUNCT	
	?????????	?????????	A - nom pl plen - -			? ? , _?????????_ ???????  ?????	?	?	?	?	?	?	A	?????????
	???????	???????	S m anim nom pl			? , ????????? _???????_  ????? 	?	?	?	?	?	?	S	???????
<span class=note"">";;;;;;;;;;;;;;;CONJ;?<note>;?????;;;?????;;;;;;;;;;;ADV -;?</span>;;;;;;;;;;;;;;;;;.;.;PUNCT;;;;;;;;;;PUNCT;;ADV -;?;;;;;;;;;;;;;;;;;????????????;???????????;S f anim ins sg;;;? ?????????  _????????????_  ... ???????????;?;?;?;?;?;?;S;???????????;S f anim ins sg;?</distinct>;;;;;;;;;;;;;;;;;...;...;PUNCT;?????;;;;;;;;;PUNCT;;;;???????????;???????????;S f anim nom sg;;;????????????  ... _???????????_ , ???? ?;?;?;?;?;?;?;S;???????????;S f anim nom sg;?;,;,;PUNCT;;;;;;;;;;PUNCT;;;;????;????;S f anim nom sg;;;... ??????????? , _????_ ? ? ,;?;?;?;?;;;S;????;S f anim nom sg;?;?;?;CONJ;;;??????????? , ???? _?_ ? , ?????????;?;;;;;;CONJ;?;CONJ;?;?;?;SPRO sg 1p - nom;;;, ???? ? _?_ , ????????? ???????;?;;;;;;SPRO;?;SPRO sg 1p - nom;?;,;,;PUNCT;;;;;;;;;;PUNCT;;;;?????????;?????????;APRO - nom pl plen - -;;;? ? , _?????????_ ???????  ?????;?;?;?;?;?;?;A;?????????;A - nom pl plen - -;?;???????;???????;S m anim nom pl;;;? , ????????? _???????_  ????? ;?;?;?;?;?;?;S;???????;S m anim nom pl;?"<span class=""note"">";;;;;;;;;;;;;;;;<note>;?????;;;?????;;;;;;;;;;;;</span>;;;;;;;;;;;;;;;;;.;.;PUNCT;;;;;;;;;;PUNCT;;;;;;;;;;;;;;;;;;;# sent = 1665;;;;;;;;;;;;;;;;;?;?;CONJ;;;.   _?_ ????? , ??????;?;;;;;;CONJ;?;CONJ;?;?????;?????;ADVPRO;;;  ? _?????_ , ?????? ,;?;?;?;?;?;;ADV;?????;ADV -;?;,;,;PUNCT;;;;;;;;;;PUNCT;;;;??????;??????;PARENTH;;;? ????? , _??????_ , ?? ...;?;?;?;?;?;?;ADV;??????;ADV -;?;,;,;PUNCT;;;;;;;;;;PUNCT;;;;??;??;INTJ;;;, ?????? , _??_ ... ??? ...;?;?;;;;;NONLEX;??;NONLEX;?;...;...;PUNCT;?????;;;;;;;;;PUNCT;;;;???;???;SPRO pl 3p - nom;;;, ?? ... _???_ ... ?? ..;?;?;?;;;;SPRO;???;SPRO pl - - nom;?;...;...;PUNCT; ?????;;;;;;;;;PUNCT;;;;??;??;INTJ;;;... ??? ... _??_ .. ????? Ñ;?;?;;;;;INTJ;??;INTJ;?;..;..;PUNCT;?????;;;;;;;;;PUNCT;;;;?????;?????;S m anim nom pl;;;... ?? .. _?????_ Ñ ?? ???????;?;?;?;?;?;;S;?????;S m anim nom pl;?;Ñ;Ñ;PUNCT;;;;;;;;;;PUNCT;;;;??;??;PART;;;.. ????? Ñ _??_ ??????? ?? ?????????;?;?;;;;;PART;??;PART;?;???????;???????;PARENTH;;;????? Ñ ?? _???????_ ?? ????????? ,;?;?;?;?;?;?;ADV;???????;ADV -;?;??;???;SPRO pl 3p - dat;;;Ñ ?? ??????? _??_ ????????? , ???;?;?;;;;;SPRO;???;SPRO pl - - dat;?;?????????;?????????;PRAEDIC;;;?? ??????? ?? _?????????_ , ??? ????????;?;?;?;?;?;?;ADV;?????????;ADV -;?;,;,;PUNCT;;;;;;;;;;PUNCT;;;;???;???;SPRO pl 3p - nom;;;?? ????????? , _???_ ???????? ??? ??????????;?;?;?;;;;SPRO;???;SPRO pl - - nom;?;????????;????????;V ipf praes pl indic - 3p;;;????????? , ??? _????????_ ??? ?????????? ,;?;?;?;?;?;?;V;????????;V ipf praes pl indic - 3p;?;???;???;PART;;;, ??? ???????? _???_ ?????????? , ???;?;?;?;;;;ADV;???;ADV -;?;??????????;??????????;V ipf - - inf - -;;;??? ???????? ??? _??????????_ , ??? ?;?;?;?;?;?;?;V;??????????;V ipf - - inf - -;?;,;,;PUNCT;;;;;;;;;;PUNCT;;;;???;???;ADVPRO;;;??? ?????????? , _???_ ? ??? ,;?;?;?;;;;CONJ;???;CONJ;?;?;?;CONJ;;;?????????? , ??? _?_ ??? , ?;?;;;;;;CONJ;?;CONJ;?;???;???;SPRO n inan nom sg;;;, ??? ? _???_ , ? ???;?;?;?;;;;CONJ;???;CONJ;?;,;,;PUNCT;;;;;;;;;;PUNCT;;;;?;?;CONJ;;;? ??? , _?_ ??? , ?;?;;;;;;CONJ;?;CONJ;?;???;???;ADVPRO;;;??? , ? _???_ , ? ???;?;?;?;;;;ADV;???;ADV -;?;,;,;PUNCT;;;;;;;;;;PUNCT;;;;?;?;CONJ;;;? ??? , _?_ ??? . ;?;;;;;;CONJ;?;CONJ;?;???;???;ADVPRO;;;??? , ? _???_ .  ?????;?;?;?;;;;ADV;???;ADV -;?;.;.;PUNCT;;;;;;;;;;PUNCT;;;"<span class=""note"">";;;;;;;;;;;;;;;;<note>;?????;;;?????;;;;;;;;;;;;</span>;;;;;;;;;;;;;;;;;?;?;CONJ;;; ?????  _?_ ... ??? ...;?;;;;;;CONJ;?;CONJ;?;...;...;PUNCT;?????;;;;;;;;;PUNCT;;;;???;???;INTJ;;; ? ... _???_ ... ?? ?;?;?;?;;;;INTJ;???;INTJ;?;...;...;PUNCT;?????;;;;;;;;;PUNCT;;;;??;??;PART;;;... ??? ... _??_ ? ???? ??;?;?;;;;;PART;??;PART;?;?;?;PR;;;??? ... ?? _?_ ???? ?? ????;?;;;;;;PR;?;PR;?;????;?;SPRO sg 1p -  gen;;;... ?? ? _????_ ?? ???? ????????;?;?;?;?;;;SPRO;?;SPRO sg 1p - acc;?;??;??;PART;;;?? ? ???? _??_ ???? ???????? ...;?;?;;;;;PART;??;CONJ;?;????;????;V ipf praet pl indic - -;;;? ???? ?? _????_ ???????? ... ??;?;?;?;?;;;V;????;V ipf praet pl indic - -;?;????????;????????;A - nom pl plen - inan;;;???? ?? ???? _????????_ ... ?? ...;?;?;?;?;?;?;A;????????;A - acc pl plen - inan;?;...;...;PUNCT;;;;;;;;;;PUNCT;;;;??;??;INTJ;;;???? ???????? ... _??_ ... ???????? ?????;?;?;;;;;INTJ;??;INTJ;?;...;...;PUNCT;;;;;;;;;;PUNCT;;;;????????;????????;A - nom pl plen - -;;;... ?? ... _????????_ ????? . ;?;?;?;?;?;?;A;????????;A - nom pl plen - -;?;?????;?????;S m anim nom pl;;;?? ... ???????? _?????_ .  ;?;?;?;?;?;;S;?????;S m anim nom pl;?;.;.;PUNCT;;;;;;;;;;PUNCT;;;;;;;;;;;;;;;;;;;# sent = 1666;;;;;;;;;;;;;;;;;?;?;CONJ;;;.   _?_ ??? ???? ?????;?;;;;;;CONJ;?;CONJ;?;???;???;PART;;;  ? _???_ ???? ????? ??????????;?;?;?;;;;PART;???;PART;?;????;????;ANUM - nom sg plen m -;;; ? ??? _????_ ????? ?????????? ????;?;?;?;?;;;ANUM;????;A - nom sg plen m -;?;?????;?????;S m anim nom sg;;;? ??? ???? _?????_ ?????????? ???? ?????;?;?;?;?;?;;S;?????;S m anim nom sg;?;??????????;??????????;V ipf praes sg indic - 3p;;;??? ???? ????? _??????????_ ???? ????? .;?;?;?;?;?;?;V;??????????;V ipf praes sg indic - 3p;?;????;?;SPRO sg 1p - acc;;;???? ????? ?????????? _????_ ????? . ;?;?;?;?;;;SPRO;?;SPRO sg 1p - acc;?;?????;?????;ADV -;;;????? ?????????? ???? _?????_ .  ;?;?;?;?;?;;ADV;?????;ADV -;?;.;.;PUNCT;;;;;;;;;;PUNCT;;;;;;;;;;;;;;;;;;;# sent = 1667;;;;;;;;;;;;;;;;;?;?;SPRO sg 1p - nom;;;.   _?_ ??????? ? ;?;;;;;;SPRO;?;SPRO sg 1p - nom;?;???????;?????????;V ipf praes sg indic - 1p;;;  ? _???????_ ?  ????;?;?;?;?;?;?;V;?????????;V ipf praes sg indic - 1p;?;?;?;PR;;; ? ??????? _?_  ???? ;?;;;;;;PR;?;PR;?"<distinct form=""";;;;;;;;;;;;;;;;<dist>;????;;;;;;;;;;;;;;;""">";;;;;;;;;;;;;;;;;????????????;????????????;S m anim dat sg;;; ????  _????????????_  ???????????? ?;?;?;?;?;?;?;S;????????????;S m anim dat sg;?</distinct>;;;;;;;;;;;;;;;;;????????????;????????????;S m anim dat sg;;; ????????????  _????????????_ ? ?????? :;?;?;?;?;?;?;S;????????????;S m anim dat sg;?;?;?;CONJ;;;????????????  ???????????? _?_ ?????? : ;?;;;;;;CONJ;?;CONJ;?;??????;????????;V ipf praes sg indic - 1p;;; ???????????? ? _??????_ :  ;?;?;?;?;?;?;V;????????;V ipf praes sg indic - 1p;?;:;:;PUNCT;;;;;;;;;;PUNCT;;;;;;;;;;;;;;;;;;;# sent = 1668;;;;;;;;;;;;;;;;# speaker = ?????????;;;;;;;;;;;;;;;;# sent = 1669;;;;;;;;;;;;;;;;;Ç;Ç;PUNCT;;;;;;;;;;PUNCT;;;;???;???;PART;;;  Ç _???_ ???? ?????????? ,;?;?;?;;;;PART;???;PART;?;????;?;SPRO sg 1p - acc;;; Ç ??? _????_ ?????????? , ???;?;?;?;?;;;SPRO;?;SPRO sg 1p - acc;?;??????????;??????????;V pf praet pl indic - 3p;;;Ç ??? ???? _??????????_ , ??? ??????;?;?;?;?;?;?;V;??????????;V pf praet pl indic - -;?;,;,;PUNCT;;;;;;;;;;PUNCT;;;;???;???;SPRO n inan nom sg;;;"???? ?????????? , _???_ ?????? ? """;?;?;?;;;;CONJ;???;CONJ;?;??????;??????;V ipf - - inf - -;;;"?????????? , ??? _??????_ ? "" ";?;?;?;?;?;?;V;??????;V ipf - - inf - -;?;?;?;PUNCT;;;;;;;;;;PUNCT;;;;"	""";"""";;;;;;;;;;PUNCT;;;;;;;;;;;;;;;;;;;;;;;;;;;;;;;;;;;;# sent = 1670;;;;;;;;;;;;;;;;# speaker = ?????????;;;;;;;;;;;;;;;;# sent = 1671;;;;;;;;;;;;;;;;;??;??;SPRO sg 3p m nom;;;   _??_  ?????? ;?;?;;;;;SPRO;??;SPRO sg 3p m nom;?"<distinct form=""";;;;;;;;;;;;;;;;<dist>;??????;;;;;;;;;;;;;;;""">";;;;;;;;;;;;;;;;;???????;????????;V ipf praes sg indic - 3p;;; ??????  _???????_  : Ç;?;?;?;?;?;?;V;????????;V ipf praes sg indic - 3p;?</distinct>;;;;;;;;;;;;;;;;;:;:;PUNCT;;;;;;;;;;PUNCT;;;;Ç;Ç;PUNCT;;;;;;;;;;PUNCT;;;;????????;?????;V pf - pl imper - 2p;;; : Ç _????????_ ? ????? ???;?;?;?;?;?;?;V;?????;V pf - pl imper - 2p;?;?;?;PR;;;: Ç ???????? _?_ ????? ??? ?????;?;;;;;;PR;?;PR;?;?????;????;SPRO - - - ins;;;Ç ???????? ? _?????_ ??? ????? .;?;?;?;?;?;;SPRO;????;SPRO - - - ins;?;???;???;ADV -;;;???????? ? ????? _???_ ????? . ;?;?;?;;;;ADV;???;ADV -;?;?????;????;NUM acc - -;;;? ????? ??? _?????_ .  ;?;?;?;?;?;;NUM;????;NUM loc - -;?;.;.;PUNCT;;;;;;;;;;PUNCT;;;;;;;;;;;;;;;;;;;# sent = 1672;;;;;;;;;;;;;;;;;?????;????;NUM acc - -;;;.   _?????_ ????????  ???????;?;?;?;?;?;;NUM;????;NUM loc - -;?;????????;?????;V pf fut pl indic - 2p;;;  ????? _????????_  ??????? ;?;?;?;?;?;?;V;?????;V pf fut pl indic - 2p;?"<span class=""note"">";;;;;;;;;;;;;;;;<note>;???????;;; ???????;;;;;;;;;;;;</span>;;;;;;;;;;;;;;;;;,;,;PUNCT;;;;;;;;;;PUNCT;;;;?????;?????;ADVPRO;;;???????  , _?????_ ????? . È;?;?;?;?;?;;ADV;?????;ADV -;?;?????;?????;PRAEDIC;;; , ????? _?????_ . È ;?;?;?;?;?;;PRAEDIC;?????;PRAEDIC;?;.;.;PUNCT;;;;;;;;;;PUNCT;;;;È;È;PUNCT;;;;;;;;;;PUNCT;;;;;;;;;;;;;;;;;;;# sent = 1673;;;;;;;;;;;;;;;;# speaker = ?????????;;;;;;;;;;;;;;;;# sent = 1674;;;;;;;;;;;;;;;;;???;???;CONJ;??????;;   _???_ ??? ??? ????;?;?;?;;;;PR;???;PR;?;???;???;CONJ;;;  ??? _???_ ??? ???? ,;?;?;?;;;;CONJ;???;CONJ;?;???;????;APRO - nom pl plen - -;;; ??? ??? _???_ ???? , ??????;?;?;?;;;;APRO;????;A - nom pl plen - -;?;????;????;NUM nom - -;;;??? ??? ??? _????_ , ?????? ?;?;?;?;?;;;NUM;????;NUM nom - -;?;,;,;PUNCT;;;;;;;;;;PUNCT;;;;??????;????;ANUM - acc sg plen m -;;;??? ???? , _??????_ ? ????????? ?????;?;?;?;?;?;?;ANUM;????;A - gen sg plen m -;?;?;?;SPRO sg 1p - nom;;;???? , ?????? _?_ ????????? ????? ??????;?;;;;;;SPRO;?;SPRO sg 1p - nom;?;?????????;?????????;V pf praet sg indic f -;;;, ?????? ? _?????????_ ????? ?????? Ñ;?;?;?;?;?;?;V;?????????;V pf praet sg indic f -;?;?????;?????;ADV -;;;?????? ? ????????? _?????_ ?????? Ñ ??;?;?;?;?;?;;ADV;?????;ADV -;?;??????;??????;ADV -;;;? ????????? ????? _??????_ Ñ ?? ????????;?;?;?;?;?;?;ADV;??????;ADV -;?;Ñ;Ñ;PUNCT;;;;;;;;;;PUNCT;;;;??;??;SPRO sg 3p m nom;;;????? ?????? Ñ _??_ ???????? ????? ????????????;?;?;;;;;SPRO;??;SPRO sg 3p m nom;?;????????;????????;S m anim nom sg;;;?????? Ñ ?? _????????_ ????? ???????????? ??????????;?;?;?;?;?;?;S;????????;S m anim nom sg;?;?????;???;APRO - gen sg plen f -;;;Ñ ?? ???????? _?????_ ???????????? ?????????? ???????;?;?;?;?;?;;APRO;???;A - gen sg plen f -;?;????????????;????????????;A - gen sg plen f -;;;?? ???????? ????? _????????????_ ?????????? ??????? ,;?;?;?;?;?;?;S;????????????;S f inan loc sg;?;??????????;??????????;A - gen sg plen f -;;;???????? ????? ???????????? _??????????_ ??????? , ??????;?;?;?;?;?;?;A;??????????;A - gen sg plen f -;?;???????;???????;S f inan gen sg;;;????? ???????????? ?????????? _???????_ , ?????? ???;?;?;?;?;?;?;S;???????;S f inan gen sg;?;,;,;PUNCT;;;;;;;;;;PUNCT;;;;??????;??????;V pf praet sg indic f -;;;?????????? ??????? , _??????_ ??? ??? ??????????;?;?;?;?;?;?;V;??????;V pf praet sg indic f -;?;???;???;ADVPRO;;;??????? , ?????? _???_ ??? ?????????? ,;?;?;?;;;;CONJ;???;CONJ;?;???;???;SPRO sg 3p f nom;;;, ?????? ??? _???_ ?????????? , ??????;?;?;?;;;;SPRO;???;SPRO sg 3p f nom;?;??????????;??????????;V ipf praes sg indic - 3p;;;?????? ??? ??? _??????????_ , ?????? ?????-??;?;?;?;?;?;?;V;??????????;V ipf praes sg indic - 3p;?;,;,;PUNCT;;;;;;;;;;PUNCT;;;;??????;??????;ANUM - nom sg plen f -;;;??? ?????????? , _??????_ ?????-?? ??????? ???;?;?;?;?;?;?;ANUM;??????;A - gen sg plen f -;?;?????-??;?????-??;APRO - nom sg plen m -;;;?????????? , ?????? _?????-??_ ??????? ??? .;?;?;-;?;?;?;APRO;?????-??;A - nom sg plen m -;?;???????;???????;S m anim nom sg;;;, ?????? ?????-?? _???????_ ??? . ;?;?;?;?;?;?;S;???????;S m anim nom sg;?;???;????;V ipf praet sg indic m -;;;?????? ?????-?? ??????? _???_ .  ;?;?;?;;;;V;????;V ipf praet sg indic m -;?;.;.;PUNCT;;;;;;;;;;PUNCT;;;;;;;;;;;;;;;;;;;# sent = 1675;;;;;;;;;;;;;;;;;?????;????;S m inan gen sg;;;.   _?????_ , ??????? ,;?;?;?;?;?;;S;????;S m inan gen sg;?;,;,;PUNCT;;;;;;;;;;PUNCT;;;;???????;???????;PARENTH;;; ????? , _???????_ , ?? ???;?;?;?;?;?;?;ADV;???????;ADV -;?;,;,;PUNCT;;;;;;;;;;PUNCT;;;;??;??;CONJ;;;, ??????? , _??_ ??? , ??;?;?;;;;;CONJ;??;CONJ;?;???;???;APRO - nom sg plen m -;;;??????? , ?? _???_ , ?? ??????;?;?;?;;;;APRO;???;A - nom sg plen m -;?;,;,;PUNCT;;;;;;;;;;PUNCT;;;;??;??;PART;;;?? ??? , _??_ ?????? ?? ?????;?;?;;;;;PART;??;PART;?;??????;??????;APRO - nom sg plen m -;;;??? , ?? _??????_ ?? ????? .;?;?;?;?;?;?;A;??????;A - nom sg plen m -;?;??;??;PART;;;, ?? ?????? _??_ ????? . ;?;?;;;;;PART;??;PART;?;?????;?????;V ipf praes pl indic - 3p;;;?? ?????? ?? _?????_ .  ;?;?;?;?;?;;V;?????;V ipf praes pl indic - 3p;?;.;.;PUNCT;;;;;;;;;;PUNCT;;;;;;;;;;;;;;;;;;;# sent = 1676;;;;;;;;;;;;;;;;;??;??;PART;;;.   _??_ , ??????? ???;?;?;;;;;PART;??;PART;?;,;,;PUNCT;;;;;;;;;;PUNCT;;;;???????;????????;V pf praet sg indic m -;;; ?? , _???????_ ??? ????? ,;?;?;?;?;?;?;V;????????;V pf praet sg indic m -;?;???;???;APRO - nom sg plen m -;;;?? , ??????? _???_ ????? , ??;?;?;?;;;;APRO;???;A - nom sg plen m -;?;?????;?????;S m anim nom sg;;;, ??????? ??? _?????_ , ?? ?????;?;?;?;?;?;;S;?????;S m anim nom sg;?;,;,;PUNCT;;;;;;;;;;PUNCT;;;;??;??;SPRO pl 1p - nom;;;??? ????? , _??_ ????? ? ???;?;?;;;;;SPRO;??;SPRO pl 1p - nom;?;?????;?????;ADVPRO;;;????? , ?? _?????_ ? ??? ?????;?;?;?;?;?;;ADV;?????;ADV -;?;?;?;PR;;;, ?? ????? _?_ ??? ????? ?????;?;;;;;;PR;?;PR;?;???;??;SPRO sg 3p m ins;;;?? ????? ? _???_ ????? ????? ???????;?;?;?;;;;SPRO;??;SPRO sg 3p m ins;?;?????;?????;ADV -;;;????? ? ??? _?????_ ????? ??????? ,;?;?;?;?;?;;ADV;?????;ADV -;?;?????;?????;ADV -;;;? ??? ????? _?????_ ??????? , ??;?;?;?;?;?;;ADV;?????;ADV -;?;???????;???????;V ipf praet pl indic - -;;;??? ????? ????? _???????_ , ?? ???????;?;?;?;?;?;?;V;???????;V ipf praet pl indic - -;?;,;,;PUNCT;;;;;;;;;;PUNCT;;;;??;??;SPRO pl 1p - nom;;;????? ??????? , _??_ ??????? ? ????;?;?;;;;;SPRO;??;SPRO pl 1p - nom;?;???????;???????;V pf praet pl indic - -;;;??????? , ?? _???????_ ? ???? ?????;?;?;?;?;?;?;V;???????;V pf praet pl indic - -;?;?;?;PR;;;, ?? ??????? _?_ ???? ????? ,;?;;;;;;PR;?;PR;?;????;??;SPRO sg 3p m dat;;;?? ??????? ? _????_ ????? , ?;?;?;?;?;;;SPRO;??;SPRO sg 3p m dat;?;?????;?????;ADV -;;;??????? ? ???? _?????_ , ? ?????;?;?;?;?;?;;ADV;?????;ADV -;?;,;,;PUNCT;;;;;;;;;;PUNCT;;;;?;?;CONJ;;;???? ????? , _?_ ????? ?? ????????;?;;;;;;CONJ;?;CONJ;?;?????;?????;CONJ;;;????? , ? _?????_ ?? ???????? ,;?;?;?;?;?;;CONJ;?????;CONJ;?;??;??;SPRO pl 1p - nom;;;, ? ????? _??_ ???????? , ??????;?;?;;;;;SPRO;??;SPRO pl 1p - nom;?;????????;????????;V pf praet pl indic - -;;;? ????? ?? _????????_ , ?????? ?;?;?;?;?;?;?;V;????????;V pf praet pl indic - -;?;,;,;PUNCT;;;;;;;;;;PUNCT;;;;??????;??????;V pf praet pl indic - -;;;?? ???????? , _??????_ ? ... ???;?;?;?;?;?;?;V;??????;V pf praet pl indic - -;;?;?;PR;;;???????? , ?????? _?_ ... ??? ...;?;;;;;;PR;?;PR;;...;...;PUNCT;?????;;;;;;;;;PUNCT;;;;???;???;INTJ;;;?????? ? ... _???_ ... ?? ????????;?;?;?;;;;INTJ;???;INTJ;;...;...;PUNCT;?????;;;;;;;;;PUNCT;;;;??;??;PART;;;... ??? ... _??_ ???????? , ????????;?;?;;;;;PART;??;PART;;????????;????????;S f inan nom sg;;;??? ... ?? _????????_ , ???????? ...;?;?;?;?;?;?;S;????????;S f inan nom sg;;,;,;PUNCT;;;;;;;;;;PUNCT;;;;????????;????????;PARENTH;;;?? ???????? , _????????_ ... ????? ????????;?;?;?;?;?;?;ADV;????????;ADV -;;...;...;PUNCT;?????;;;;;;;;;PUNCT;;;;?????;??????;V ipf praet sg indic m -;;;, ???????? ... _?????_ ???????? ??? ,;?;?;?;?;?;;V;??????;V ipf praet sg indic m -;;????????;????????;A - nom sg plen m inan;;;???????? ... ????? _????????_ ??? , ??????;?;?;?;?;?;?;A;????????;A - acc sg plen m inan;;???;???;S m inan nom sg;;;... ????? ???????? _???_ , ?????? ???????;?;?;?;;;;S;???;S m inan acc sg;;,;,;PUNCT;;;;;;;;;;PUNCT;;;;??????;??????;A - nom sg plen m -;;;???????? ??? , _??????_ ??????? . ;?;?;?;?;?;?;A;??????;A - nom sg plen m -;;???????;???????;S f inan gen pl;;;??? , ?????? _???????_ .  ;?;?;?;?;?;?;S;???????;S f inan gen pl;;.;.;PUNCT;;;;;;;;;;PUNCT;;;;;;;;;;;;;;;;;;;# sent = 1677;;;;;;;;;;;;;;;;;?;?;CONJ;;;.   _?_ , ??????? ,;?;;;;;;CONJ;?;CONJ;;,;,;PUNCT;;;;;;;;;;PUNCT;;;;???????;???????;PARENTH;;; ? , _???????_ , ??? ???;?;?;?;?;?;?;ADV;???????;ADV -;;,;,;PUNCT;;;;;;;;;;PUNCT;;;;???;???;APRO - nom pl plen - -;;;, ??????? , _???_ ??? ??????? ;?;?;?;;;;APRO;???;A - nom pl plen - -;;???;????;APRO - nom pl plen - -;;;??????? , ??? _???_ ???????  ???????;?;?;?;;;;APRO;????;A - nom pl plen - -;;???????;???????;S m anim nom pl;;;, ??? ??? _???????_  ??????? ;?;?;?;?;?;?;S;???????;S m anim nom pl;"<span class=""note"">";;;;;;;;;;;;;;;;<note>;???????;;;???????;;;;;;;;;;;;</span>;;;;;;;;;;;;;;;;;???????????;???????????;V pf praet pl indic - -;;; ???????  _???????????_ ?? ??? ???????;?;?;?;?;?;?;V;???????????;V pf praet pl indic - -;;??;??;PR;;;???????  ??????????? _??_ ??? ??????? ,;?;?;;;;;PR;??;PR;;???;????;APRO - acc pl plen - inan;;; ??????????? ?? _???_ ??????? , ?;?;?;?;;;;APRO;????;A - acc pl plen - inan;;???????;???????;S f inan acc pl;;;??????????? ?? ??? _???????_ , ? ??;?;?;?;?;?;?;S;???????;S f inan acc pl;;,;,;PUNCT;;;;;;;;;;PUNCT;;;;?;?;CONJ;;;??? ??????? , _?_ ?? ? ???;?;;;;;;CONJ;?;CONJ;;??;??;SPRO pl 1p - nom;;;??????? , ? _??_ ? ??? ????????;?;?;;;;;SPRO;??;SPRO pl 1p - nom;;?;?;PR;;;, ? ?? _?_ ??? ???????? ?????;?;;;;;;PR;?;PR;;???;??;SPRO sg 3p m ins;;;? ?? ? _???_ ???????? ????? ??????????;?;?;?;;;;SPRO;??;SPRO sg 3p m ins;;????????;????????;ADV -;;;?? ? ??? _????????_ ????? ?????????? .;?;?;?;?;?;?;ADV;????????;ADV -;;?????;????;V ipf praet pl indic - -;;;? ??? ???????? _?????_ ?????????? . ;?;?;?;?;?;;V;????;V ipf praet pl indic - -;;??????????;??????????;V pf - - inf - -;;;??? ???????? ????? _??????????_ .  ;?;?;?;?;?;?;V;??????????;V pf - - inf - -;;.;.;PUNCT;;;;;;;;;;PUNCT;;;;;;;;;;;;;;;;;;;# sent = 1678;;;;;;;;;;;;;;;;;???;???;PART;;;.   _???_ ???? ????? ???????;?;?;?;;;;PART;???;PART;;????;????;V ipf praet sg indic f -;;;  ??? _????_ ????? ??????? ????;?;?;?;?;;;V;????;V ipf praet sg indic f -;;?????;?????;APRO - nom sg plen f -;;; ??? ???? _?????_ ??????? ???? .;?;?;?;?;?;;APRO;?????;A - nom sg plen f -;;???????;???????;S f inan nom sg;;;??? ???? ????? _???????_ ???? . ;?;?;?;?;?;?;S;???????;S f inan nom sg;;????;????;PART;;;???? ????? ??????? _????_ .  ;?;?;?;?;;;PART;????;PART;;.;.;PUNCT;;;;;;;;;;PUNCT;;;;;;;;;;;;;;;;;;;# sent = 1679;;;;;;;;;;;;;;;;;?????;?????;ADVPRO;;;.   _?????_ ...  ;?;?;?;?;?;;ADV;?????;ADV -;;...;...;PUNCT;?????;;;;;;;;;PUNCT;;;;;;;;;;;;;;;;;;;# sent = 1680;;;;;;;;;;;;;;;;"<span class=""note"">";;;;;;;;;;;;;;;;<note>;?????;;; ;;;;;;;;;;;;</span>;;;;;;;;;;;;;;;;;...;...;PUNCT;;;;;;;;;;PUNCT;;;;???;??;SPRO pl 1p - loc;;;?????  ... _???_ ??? ... ??;?;?;?;;;;SPRO;??;SPRO pl 1p - loc;;???;???;ADV -;;; ... ??? _???_ ... ?? ;?;?;?;;;;ADV;???;ADV -;;...;...;PUNCT;;;;;;;;;;PUNCT;;;;??;??;INTJ;;;??? ??? ... _??_  ?? ;?;?;;;;;INTJ;??;INTJ;"<distinct form=""";;;;;;;;;;;;;;;;<dist>;??;;;;;;;;;;;;;;;""">";;;;;;;;;;;;;;;;;??????;??????;PART;;; ??  _??????_  ... ???;?;?;?;?;?;?;PART;??????;PART;</distinct>;;;;;;;;;;;;;;;;;...;...;PUNCT;?????;;;;;;;;;PUNCT;;;;???;????;APRO - acc pl plen - inan;;;??????  ... _???_ ????? ????? Ñ;?;?;?;;;;APRO;????;A - acc pl plen - inan;;?????;?????;S n inan acc sg;;; ... ??? _?????_ ????? Ñ ??????;?;?;?;?;?;;S;?????;S n inan acc sg;;?????;?????;V ipf praet pl indic - -;;;... ??? ????? _?????_ Ñ ?????? ??????????;?;?;?;?;?;;V;?????;V ipf praet pl indic - -;;Ñ;Ñ;PUNCT;;;;;;;;;;PUNCT;;;;??????;??????;PART;;;????? ????? Ñ _??????_ ?????????? , ????;?;?;?;?;?;?;PART;??????;PART;;??????????;??????????;PART;;;????? Ñ ?????? _??????????_ , ???? ??;?;?;?;?;?;?;PART;??????????;PART;;,;,;PUNCT;;;;;;;;;;PUNCT;;;;????;????;CONJ;;;?????? ?????????? , _????_ ?? ... ??????;?;?;?;?;;;CONJ;????;CONJ;;??;??;SPRO pl 2p - nom;;;?????????? , ???? _??_ ... ?????? ???;?;?;;;;;SPRO;??;SPRO pl 2p - nom;;...;...;PUNCT;?????;;;;;;;;;PUNCT;;;;??????;???????;A - - pl brev - -;;;???? ?? ... _??????_ ??? ????? ????;?;?;?;?;?;?;A;???????;A - - pl brev - -;;???;????;APRO - acc pl plen - inan;;;?? ... ?????? _???_ ????? ???? ?;?;?;?;;;;APRO;????;A - acc pl plen - inan;;?????;?????;S n inan acc sg;;;... ?????? ??? _?????_ ???? ? ??????;?;?;?;?;?;;S;?????;S n inan acc sg;;????;????;V ipf - - inf - -;;;?????? ??? ????? _????_ ? ?????? .;?;?;?;?;;;V;????;V ipf - - inf - -;;?;?;PR;;;??? ????? ???? _?_ ?????? . ;?;;;;;;PR;?;PR;;??????;??????;S f inan loc sg;;;????? ???? ? _??????_ .  ;?;?;?;?;?;?;S;??????;S f inan loc sg;;.;.;PUNCT;;;;;;;;;;PUNCT;;;;;;;;;;;;;;;;;;;# sent = 1681;;;;;;;;;;;;;;;;;????;????;CONJ;;;.   _????_ ????? ?? ??????????;?;?;?;?;;;CONJ;????;CONJ;;?????;?????;ADV -;;;  ???? _?????_ ?? ?????????? ,;?;?;?;?;?;;ADV;?????;ADV -;;??;??;SPRO pl 2p - nom;;; ???? ????? _??_ ?????????? , ???;?;?;;;;;SPRO;??;SPRO pl 2p - nom;;??????????;??????????;V pf praet pl indic - -;;;???? ????? ?? _??????????_ , ??? ??;?;?;?;?;?;?;V;??????????;V pf praet pl indic - -;;,;,;PUNCT;;;;;;;;;;PUNCT;;;;???;???;CONJ;;;?? ?????????? , _???_ ?? ???? ???-??;?;?;?;;;;CONJ;???;CONJ;;??;??;SPRO pl 2p - nom;;;?????????? , ??? _??_ ???? ???-?? ??????;?;?;;;;;SPRO;??;SPRO pl 2p - nom;;????;????;ANUM - nom sg plen f -;;;, ??? ?? _????_ ???-?? ?????? ,;?;?;?;?;;;ANUM;????;A - nom sg plen f -;;???-??;???-??;ADVPRO;;;??? ?? ???? _???-??_ ?????? , ??????;?;?;-;?;?;?;ADV;???-??;ADV -;;??????;??????;V ipf praes pl indic - 2p;;;?? ???? ???-?? _??????_ , ?????? ????;?;?;?;?;?;?;V;??????;V ipf praes pl indic - 2p;;,;,;PUNCT;;;;;;;;;;PUNCT;;;;??????;??????;ADV -;;;???-?? ?????? , _??????_ ???? ???-?? ??????;?;?;?;?;?;?;ADV;??????;ADV -;;????;????;PRAEDIC;;;?????? , ?????? _????_ ???-?? ?????? .;?;?;?;?;;;PRAEDIC;????;ADV -;;???-??;???-??;SPRO n inan acc sg;;;, ?????? ???? _???-??_ ?????? . ;?;?;-;?;?;?;SPRO;???-??;S n - acc sg;;??????;??????;V ipf - - inf - -;;;?????? ???? ???-?? _??????_ .  ;?;?;?;?;?;?;V;??????;V ipf - - inf - -;;.;.;PUNCT;;;;;;;;;;PUNCT;;;;;;;;;;;;;;;;;;;# sent = 1682;;;;;;;;;;;;;;;;;?;?;CONJ;;;.   _?_ ????? ?? ???????;?;;;;;;CONJ;?;CONJ;;?????;?????;CONJ;;;  ? _?????_ ?? ??????? ???;?;?;?;?;?;;CONJ;?????;CONJ;;??;??;SPRO pl 1p - nom;;; ? ????? _??_ ??????? ??? ?????????;?;?;;;;;SPRO;??;SPRO pl 1p - nom;;???????;???????;V pf praet pl indic - -;;;? ????? ?? _???????_ ??? ????????? ,;?;?;?;?;?;?;V;???????;V pf praet pl indic - -;;???;???;PR;;;????? ?? ??????? _???_ ????????? , ???;?;?;?;;;;PR;???;PR;;?????????;???????;S m inan ins sg;;;?? ??????? ??? _?????????_ , ??? ????;?;?;?;?;?;?;S;???????;S m inan ins sg;;,;,;PUNCT;;;;;;;;;;PUNCT;;;;???;???;ADVPRO;;;??? ????????? , _???_ ???? ?????????? ????????;?;?;?;;;;ADV;???;ADV -;;????;????;V ipf praet sg indic f -;;;????????? , ??? _????_ ?????????? ???????? ,;?;?;?;?;;;V;????;V ipf praet sg indic f -;;??????????;??????????;A - nom sg plen f -;;;, ??? ???? _??????????_ ???????? , ???;?;?;?;?;?;?;A;??????????;A - nom sg plen f -;;????????;????????;S f inan nom sg;;;??? ???? ?????????? _????????_ , ??? ????-??;?;?;?;?;?;?;S;????????;S f inan nom sg;;,;,;PUNCT;;;;;;;;;;PUNCT;;;;???;???;ADV -;;;?????????? ???????? , _???_ ????-?? . ;?;?;?;;;;ADV;???;ADV -;;????-??;????-??;ADVPRO;;;???????? , ??? _????-??_ .  ;?;?;-;?;?;?;ADV;????-??;ADV -;;.;.;PUNCT;;;;;;;;;;PUNCT;;;;;;;;;;;;;;;;;;;# sent = 1683;;;;;;;;;;;;;;;;;?????;?????;CONJ;;;.   _?????_ ?? ????? ??????;?;?;?;?;?;;CONJ;?????;CONJ;;??;??;SPRO pl 1p - nom;;;  ????? _??_ ????? ?????? ,;?;?;;;;;SPRO;??;SPRO pl 1p - nom;;?????;?????;V pf praet pl indic - -;;; ????? ?? _?????_ ?????? , ?;?;?;?;?;?;;V;???????;V pf - sg imper - 2p;;??????;??????;ADVPRO;;;????? ?? ????? _??????_ , ? ?????;?;?;?;?;?;?;ADV;??????;ADV -;;,;,;PUNCT;;;;;;;;;;PUNCT;;;;?;?;SPRO sg 1p - nom;;;????? ?????? , _?_ ????? ???? ,;?;;;;;;SPRO;?;SPRO sg 1p - nom;;?????;?????;ADV -;;;?????? , ? _?????_ ???? , ???;?;?;?;?;?;;ADV;?????;ADV -;;????;??????;V ipf praes sg indic - 1p;;;, ? ????? _????_ , ??? ?;?;?;?;?;;;V;??????;V ipf praes sg indic - 1p;;,;,;PUNCT;;;;;;;;;;PUNCT;;;;???;???;CONJ;;;????? ???? , _???_ ? ???? .;?;?;?;;;;CONJ;???;CONJ;;?;?;SPRO sg 1p - nom;;;???? , ??? _?_ ???? . ;?;;;;;;SPRO;?;SPRO sg 1p - nom;;????;????;ANUM - nom sg plen f -;;;, ??? ? _????_ .  ;?;?;?;?;;;ANUM;????;A - nom sg plen f -;;.;.;PUNCT;;;;;;;;;;PUNCT;;;;;;;;;;;;;;;;;;;# sent = 1684;;;;;;;;;;;;;;;;;?? ????;?? ????;CONJ;;;.   _?? ????_ ??? ?????? ?????;?;?;?;?; ;?;CONJ;?? ????;ADV -;;???;???;PRAEDIC;;;  ?? ???? _???_ ?????? ????? .;?;?;?;;;;ADV;???;ADV -;;??????;?????;SPRO m -  gen sg;;; ?? ???? ??? _??????_ ????? . ;?;?;?;?;?;?;S;?????;S m - acc sg;;?????;?????;ADV -;;;?? ???? ??? ?????? _?????_ .  ;?;?;?;?;?;;ADV;?????;ADV -;;.;.;PUNCT;;;;;;;;;;PUNCT;;;;;;;;;;;;;;;;;;;# sent = 1685;;;;;;;;;;;;;;;;;?;?;CONJ;;;.   _?_ ????? ???????? ...;?;;;;;;CONJ;?;CONJ;;?????;?????;S m anim nom pl;;;  ? _?????_ ???????? ... ??;?;?;?;?;?;;S;?????;S m anim nom pl;;????????;?????????;V ipf praes pl indic - 3p;;; ? ????? _????????_ ... ?? ??;?;?;?;?;?;?;V;?????????;V ipf praes pl indic - 3p;;...;...;PUNCT;?????;;;;;;;;;PUNCT;;;;??;??;PART;;;????? ???????? ... _??_ ?? ???? ...;?;?;;;;;PART;??;PART;;??;??;PR;;;???????? ... ?? _??_ ???? ... ???;?;?;;;;;PR;??;PR;;????;????;APRO - gen sg plen f -;;;... ?? ?? _????_ ... ??? ????????????;?;?;?;?;;;APRO;????;A - loc sg plen f -;;...;...;PUNCT;?????;;;;;;;;;PUNCT;;;;???;??;SPRO pl 1p - acc;;;?? ???? ... _???_ ???????????? .. ???;?;?;?;;;;SPRO;??;SPRO pl 1p - loc;;????????????;????????????;V ipf praet sg indic f -;;;???? ... ??? _????????????_ .. ??? ????;?;?;?;?;?;?;V;????????????;V ipf praet sg indic f -;;..;..;PUNCT; ?????;;;;;;;;;PUNCT;;;;???;??;SPRO pl 1p -gen;;;??? ???????????? .. _???_ ???? 15 ,;?;?;?;;;;SPRO;??;SPRO pl 1p - loc;;????;????;V ipf praet sg indic n -;;;???????????? .. ??? _????_ 15 , ?;?;?;?;?;;;V;????;V ipf praet sg indic n -;;15;15;NUM - - -;;;.. ??? ???? _15_ , ? ??;5;1;;;;;NUM;15;NUM - - -;;,;,;PUNCT;;;;;;;;;;PUNCT;;;;?;?;CONJ;;;???? 15 , _?_ ?? ???? ???????;?;;;;;;CONJ;?;CONJ;;??;???;SPRO pl 3p - gen;;;15 , ? _??_ ???? ??????? 20;?;?;;;;;SPRO;???;SPRO pl - - acc;;????;????;V ipf praet sg indic n -;;;, ? ?? _????_ ??????? 20 ??????????????;?;?;?;?;;;V;????;V ipf praet sg indic n -;;???????;???????;S m anim gen pl;;;? ?? ???? _???????_ 20 ?????????????? ..;?;?;?;?;?;?;S;???????;S m anim gen pl;;20;20;NUM - - -;;;?? ???? ??????? _20_ ?????????????? .. ;0;2;;;;;NUM;20;NUM - - -;;??????????????;????????????;PARTCP ipf inpraes gen pl plen - act -;;;???? ??????? 20 _??????????????_ ..  ?????;?;?;?;?;?;?;PARTCP;????????????;PARTCP ipf inpraes loc pl plen - act -;;..;..;PUNCT; ?????;;;;;;;;;PUNCT;;;"<span class=""note"">";;;;;;;;;;;;;;;;<note>;?????;;; ?????;;;;;;;;;;;;</span>;;;;;;;;;;;;;;;;;?;?;CONJ;;; ?????  _?_ ????? , ??????;?;;;;;;CONJ;?;CONJ;;?????;?????;ADVPRO;;;?????  ? _?????_ , ?????? ,;?;?;?;?;?;;ADV;?????;ADV -;;,;,;PUNCT;;;;;;;;;;PUNCT;;;;??????;??????;PARENTH;;;? ????? , _??????_ , ????? ????????;?;?;?;?;?;?;ADV;??????;ADV -;;,;,;PUNCT;;;;;;;;;;PUNCT;;;;?????;?????;S m anim nom pl;;;, ?????? , _?????_ ???????? ?? ???;?;?;?;?;?;;S;?????;S m anim nom pl;;????????;?????????;V ipf praes pl indic - 3p;;;?????? , ????? _????????_ ?? ??? :;?;?;?;?;?;?;V;?????????;V ipf praes pl indic - 3p;;??;??;PR;;;, ????? ???????? _??_ ??? : Ç;?;?;;;;;PR;??;PR;;???;?;SPRO sg 1p - dat;;;????? ???????? ?? _???_ : Ç ?;?;?;?;;;;SPRO;?;SPRO sg 1p - dat;;:;:;PUNCT;;;;;;;;;;PUNCT;;;;Ç;Ç;PUNCT;;;;;;;;;;PUNCT;;;;?;?;INTJ;;;??? : Ç _?_ ... ?? ??;?;;;;;;INTJ;?;INTJ;;...;...;PUNCT;?????;;;;;;;;;PUNCT;;;;??;??;SPRO pl 2p - nom;;;Ç ? ... _??_ ?? ?????? ?????;?;?;;;;;SPRO;??;SPRO pl 2p - nom;;??;??;PART;;;? ... ?? _??_ ?????? ????? ?;?;?;;;;;PART;??;PART;;??????;??????;V ipf praes pl indic - 2p;;;... ?? ?? _??????_ ????? ? ????;?;?;?;?;?;?;V;??????;V ipf praes pl indic - 2p;;?????;?????;V pf - - inf - -;;;?? ?? ?????? _?????_ ? ???? ??????;?;?;?;?;?;;V;?????;V pf - - inf - -;;?;?;PR;;;?? ?????? ????? _?_ ???? ?????? ?;?;;;;;;PR;?;PR;;????;???;APRO - acc sg plen f -;;;?????? ????? ? _????_ ?????? ? È;?;?;?;?;;;APRO;???;A - acc sg plen f -;;??????;??????;S f inan acc sg;;;????? ? ???? _??????_ ? È ;?;?;?;?;?;?;S;??????;S f inan acc sg;;?;?;PUNCT;;;;;;;;;;PUNCT;;;;È;È;PUNCT;;;;;;;;;;PUNCT;;;;;;;;;;;;;;;;;;;# sent = 1686;;;;;;;;;;;;;;;;;??;??;PART;;;È   _??_ ? ???? ,;?;?;;;;;PART;??;PART;;?;?;SPRO sg 1p - nom;;;  ?? _?_ ???? , ???;?;;;;;;SPRO;?;SPRO sg 1p - nom;;????;?????;V ipf praes sg indic - 1p;;; ?? ? _????_ , ??? ???;?;?;?;?;;;V;?????;V ipf praes sg indic - 1p;;,;,;PUNCT;;;;;;;;;;PUNCT;;;;???;???;CONJ;;;? ???? , _???_ ??? ?? ????;?;?;?;;;;CONJ;???;CONJ;;???;???;SPRO n - nom sg;;;???? , ??? _???_ ?? ???? ?????????;?;?;?;;;;SPRO;???;S n - nom sg;;??;??;PR;;;, ??? ??? _??_ ???? ????????? ?????;?;?;;;;;PR;??;PR;;????;????;APRO - gen sg plen f -;;;??? ??? ?? _????_ ????????? ????? ,;?;?;?;?;;;APRO;????;A - gen sg plen f -;;?????????;?????????;S f inan gen sg;;;??? ?? ???? _?????????_ ????? , ??;?;?;?;?;?;?;S;?????????;S f inan gen sg;;?????;?????;S m anim nom pl;;;?? ???? ????????? _?????_ , ?? ????;?;?;?;?;?;;S;?????;S m anim nom pl;;,;,;PUNCT;;;;;;;;;;PUNCT;;;;??;??;CONJ;;;????????? ????? , _??_ ???? , ???;?;?;;;;;CONJ;??;CONJ;;????;?????;V ipf praes sg indic - 1p;;;????? , ?? _????_ , ??? ???;?;?;?;?;;;V;?????;V ipf praes sg indic - 1p;;,;,;PUNCT;;;;;;;;;;PUNCT;;;;???;???;CONJ;;;?? ???? , _???_ ??? ?????? .;?;?;?;;;;CONJ;???;CONJ;;???;???;SPRO n - nom sg;;;???? , ??? _???_ ?????? . ;?;?;?;;;;SPRO;???;S n - nom sg;;??????;??????;PRAEDIC;;;, ??? ??? _??????_ .  ;?;?;?;?;?;?;PRAEDIC;??????;ADV -;;.;.;PUNCT;;;;;;;;;;PUNCT;;;;;;;;;;;;;;;;;;;# sent = 1687;;;;;;;;;;;;;;;;;???????;???????;V pf praet pl indic - -;;;.   _???????_ : Ç ??????;?;?;?;?;?;?;V;???????;V pf praet pl indic - -;;:;:;PUNCT;;;;;;;;;;PUNCT;;;;Ç;Ç;PUNCT;;;;;;;;;;PUNCT;;;;??????;??????;PRAEDIC;;;??????? : Ç _??????_ !  ;?;?;?;?;?;?;PRAEDIC;??????;ADV -;;!;!;PUNCT;;;;;;;;;;PUNCT;;;;;;;;;;;;;;;;;;;# sent = 1688;;;;;;;;;;;;;;;;;?? ? ???? ??????;?? ? ???? ??????;ADV -;?????????;;!   _?? ? ???? ??????_ ! È .;?;?;?;?;?;?;ADV;?? ? ???? ??????;ADV -;;!;!;PUNCT;;;;;;;;;;PUNCT;;;;È;È;PUNCT;;;;;;;;;;PUNCT;;;;.;.;PUNCT;;;;;;;;;;PUNCT;;;;;;;;;;;;;;;;;;;# sent = 1689;;;;;;;;;;;;;;;;;??;??;PART;;;.   _??_ ? ????? :;?;?;;;;;PART;??;PART;;?;?;SPRO sg 1p - nom;;;  ?? _?_ ????? : ???;?;;;;;;SPRO;?;SPRO sg 1p - nom;;?????;??????;V ipf praes sg indic - 1p;;; ?? ? _?????_ : ??? ???;?;?;?;?;?;;V;??????;V ipf praes sg indic - 1p;;:;:;PUNCT;;;;;;;;;;PUNCT;;;;???;???;SPRO n inan nom sg;;;? ????? : _???_ ??? ?????? ?;?;?;?;;;;CONJ;???;CONJ;;???;?;SPRO sg 1p - dat;;;????? : ??? _???_ ?????? ? ;?;?;?;;;;SPRO;?;SPRO sg 1p - dat;;??????;??????;V ipf - - inf - -;;;: ??? ??? _??????_ ?  ;?;?;?;?;?;?;V;??????;V ipf - - inf - -;;?;?;PUNCT;;;;;;;;;;PUNCT;;;;;;;;;;;;;;;;;;;# sent = 1690;;;;;;;;;;;;;;;;"<span class=""note"">";;;;;;;;;;;;;;;;<note>;???????;;;???????;;;;;;;;;;;;</span>;;;;;;;;;;;;;;;;;.;.;PUNCT;;;;;;;;;;PUNCT;;;;;;;;;;;;;;;;;;;# sent = 1691;;;;;;;;;;;;;;;;;??????;?????;SPRO m - gen sg;;;.   _??????_ ????? ??? Ñ;?;?;?;?;?;?;S;?????;S m - gen sg;;?????;?????;ADV -;;;  ?????? _?????_ ??? Ñ ??;?;?;?;?;?;;ADV;?????;ADV -;;???;???; PRAEDIC;;; ?????? ????? _???_ Ñ ?? ?????;?;?;?;;;;ADV;???;ADV -;;Ñ;Ñ;PUNCT;;;;;;;;;;PUNCT;;;;??;??;PR;;;????? ??? Ñ _??_ ????? ?????????? ?;?;?;;;;;PR;??;PR;;?????;?????;S f inan loc sg;;;??? Ñ ?? _?????_ ?????????? ? ;?;?;?;?;?;;S;?????;S f inan loc sg;;??????????;??????????;V ipf - - inf - -;;;Ñ ?? ????? _??????????_ ?  ;?;?;?;?;?;?;V;??????????;V ipf - - inf - -;;?;?;PUNCT;;;;;;;;;;PUNCT;;;;;;;;;;;;;;;;;;;# sent = 1692;;;;;;;;;;;;;;;;;?;?;SPRO sg 1p - nom;;;?   _?_ ???? ? ??????;?;;;;;;SPRO;?;SPRO sg 1p - nom;;????;?????;V pf praet sg indic f -;;;  ? _????_ ? ?????? ,;?;?;?;?;;;S;????;S n inan acc pl;;?;?;PR;;; ? ???? _?_ ?????? , ?;?;;;;;;PR;?;PR;;??????;??????;S f inan acc sg;;;? ???? ? _??????_ , ? ??;?;?;?;?;?;?;S;??????;S f inan acc sg;;,;,;PUNCT;;;;;;;;;;PUNCT;;;;?;?;CONJ;;;? ?????? , _?_ ?? ??????? ?;?;;;;;;CONJ;?;CONJ;;??;??;SPRO pl 1p - nom;;;?????? , ? _??_ ??????? ? ?????????;?;?;;;;;SPRO;??;SPRO pl 1p - nom;;???????;???????;V pf praet pl indic - -;;;, ? ?? _???????_ ? ????????? .;?;?;?;?;?;?;V;???????;V pf praet pl indic - -;;?;?;PR;;;? ?? ??????? _?_ ????????? . ;?;;;;;;PR;?;PR;;?????????;?????????;S f inan acc sg;;;?? ??????? ? _?????????_ .  ;?;?;?;?;?;?;S;?????????;S f inan acc sg;;.;.;PUNCT;;;;;;;;;;PUNCT;;;;;;;;;;;;;;;;;;;# sent = 1693;;;;;;;;;;;;;;;;;??;??;PART;;;.   _??_ ??? ?? ????;?;?;;;;;PART;??;PART;;???;???;SPRO pl - - nom;;;  ?? _???_ ?? ???? ???;?;?;?;;;;SPRO;???;SPRO pl - - nom;;??;??;PR;;; ?? ??? _??_ ???? ??? ??;?;?;;;;;PR;??;PR;;????;?;SPRO sg 1p - ins;;;?? ??? ?? _????_ ??? ?? ??????;?;?;?;?;;;SPRO;?;SPRO sg 1p - ins;;???;???;PART;;;??? ?? ???? _???_ ?? ?????? ?????????????;?;?;?;;;;ADV;???;ADV -;;??;??;PR;;;?? ???? ??? _??_ ?????? ????????????? ,;?;?;;;;;PR;??;PR;;??????;??????;S f inan dat sg;;;???? ??? ?? _??????_ ????????????? , ?;?;?;?;?;?;?;S;??????;S f inan dat sg;;?????????????;?????????????;V ipf praet pl indic - -;;;??? ?? ?????? _?????????????_ , ? ?;?;?;?;?;?;?;V;?????????????;V ipf praet pl indic - -;;,;,;PUNCT;;;;;;;;;;PUNCT;;;;?;?;CONJ;;;?????? ????????????? , _?_ ? ??? ?????;?;;;;;;CONJ;?;CONJ;;?;?;SPRO sg 1p - nom;;;????????????? , ? _?_ ??? ????? ??????;?;;;;;;SPRO;?;SPRO sg 1p - nom;;???;????;APRO - acc pl plen - inan;;;, ? ? _???_ ????? ?????? ,;?;?;?;;;;APRO;????;A - acc pl plen - inan;;?????;?????;S n inan acc sg;;;? ? ??? _?????_ ?????? , ???;?;?;?;?;?;;S;?????;S n inan acc sg;;??????;??????;V ipf praet sg indic f -;;;? ??? ????? _??????_ , ??? ????;?;?;?;?;?;?;V;??????;V ipf praet sg indic f -;;,;,;PUNCT;;;;;;;;;;PUNCT;;;;???;???;CONJ;;;????? ?????? , _???_ ???? ?????? ,;?;?;?;;;;CONJ;???;CONJ;;????;????;V ipf praes sg indic - 3p;;;?????? , ??? _????_ ?????? , ????????;?;?;?;?;;;V;????;V ipf praes sg indic - 3p;;??????;??????;S f inan nom sg;;;, ??? ???? _??????_ , ???????? .;?;?;?;?;?;?;S;??????;S f inan nom sg;;,;,;PUNCT;;;;;;;;;;PUNCT;;;;????????;????????;PARENTH;;;???? ?????? , _????????_ .  ;?;?;?;?;?;?;ADV;????????;ADV -;;.;.;PUNCT;;;;;;;;;;PUNCT;;;;;;;;;;;;;;;;;;;# sent = 1694;;;;;;;;;;;;;;;;;?? ????;?? ????;CONJ;;;.   _?? ????_ ?????? ????? ???;?;?;?;?; ;?;CONJ;?? ????;ADV -;;??????;??????;APRO - nom sg plen m -;;;  ?? ???? _??????_ ????? ??? ?????????;?;?;?;?;?;?;APRO;??????;A - nom sg plen m -;;?????;?????;S m inan nom sg;;; ?? ???? ?????? _?????_ ??? ????????? ,;?;?;?;?;?;;S;?????;S m inan nom sg;;???;???;ADVPRO;;;?? ???? ?????? ????? _???_ ????????? , ?????;?;?;?;;;;ADV;???;ADV -;;?????????;?????????;V ipf praet sg indic f -;;;?????? ????? ??? _?????????_ , ????? ???;?;?;?;?;?;?;V;?????????;V ipf praet sg indic f -;;,;,;PUNCT;;;;;;;;;;PUNCT;;;;?????;?????;CONJ;;;??? ????????? , _?????_ ??? ?????-?? ?????-?????;?;?;?;?;?;;CONJ;?????;CONJ;;???;????;V ipf praet sg indic m -;;;????????? , ????? _???_ ?????-?? ?????-????? ??????????;?;?;?;;;;V;????;V ipf praet sg indic m -;;?????-??;?????-??;APRO - nom sg plen m -;;;, ????? ??? _?????-??_ ?????-????? ?????????? .;?;?;-;?;?;?;APRO;?????-??;A - nom sg plen m -;;?????-?????;?????-?????;ADV -;;;????? ??? ?????-?? _?????-?????_ ?????????? . ;?;?;?;?;?;-;ADV;?????-?????;ADV -;;??????????;??????????;A - nom sg plen m -;;;??? ?????-?? ?????-????? _??????????_ .  ;?;?;?;?;?;?;A;??????????;A - nom sg plen m -;;.;.;PUNCT;;;;;;;;;;PUNCT;;;;;;;;;;;;;;;;;;;# sent = 1695;;;;;;;;;;;;;;;;;?;?;CONJ;;;.   _?_ ????? ?? ?????????;?;;;;;;CONJ;?;CONJ;;?????;?????; ADVPRO;;;  ? _?????_ ?? ????????? ;?;?;?;?;?;;CONJ;?????;CONJ;;??;??;SPRO pl 1p - nom;;; ? ????? _??_ ?????????  ???????;?;?;;;;;SPRO;??;SPRO pl 1p - nom;;?????????;?????????;V pf praet pl indic - -;;;? ????? ?? _?????????_  ??????? ;?;?;?;?;?;?;V;?????????;V pf praet pl indic - -;"<span class=""note"">";;;;;;;;;;;;;;;;<note>;???????;;;???????;;;;;;;;;;;;</span>;;;;;;;;;;;;;;;;;?;?;PR;;; ???????  _?_  ???? ;?;;;;;;PR;?;S - - nonflex -;"<distinct form=""";;;;;;;;;;;;;;;;<dist>;????;;;;;;;;;;;;;;;">															
	??	???	SPRO pl - - acc			 ????  _??_   ???????	?	?					SPRO	???	SPRO pl - - acc
</distinct>															
<span class=note"">";;;;;;;;;;;;;;;;<note>;???????;;;????????;;;;;;;;;;;;</span>;;;;;;;;;;;;;;;;;?????????;?????????;S f inan  dat sg;;; ???????  _?????????_ , ??? ???;?;?;?;?;?;?;S;?????????;S f inan loc sg;;,;,;PUNCT;;;;;;;;;;PUNCT;;;;???;???;ADVPRO;;; ????????? , _???_ ??? ????? ????????????;?;?;?;;;;ADV;???;ADV -;;???;???;ADV -;;;????????? , ??? _???_ ????? ???????????? ?????;?;?;?;;;;ADV;???;ADV -;;?????;??????;V ipf praet sg indic m -;;;, ??? ??? _?????_ ???????????? ????? ??????;?;?;?;?;?;;V;??????;V ipf praet sg indic m -;;????????????;????????????;S m anim nom sg;;;??? ??? ????? _????????????_ ????? ?????? ??;?;?;?;?;?;?;S;????????????;S m anim nom sg;;?????;???;APRO - gen sg plen f -;;;??? ????? ???????????? _?????_ ?????? ?? ?????;?;?;?;?;?;;APRO;???;A - gen sg plen f -;;??????;??????;S f inan gen sg;;;????? ???????????? ????? _??????_ ?? ????? ?;?;?;?;?;?;?;S;??????;S f inan gen sg;;??;??;PR;;;???????????? ????? ?????? _??_ ????? ? ???????;?;?;;;;;PR;??;PR;;?????;?????;S f inan loc sg;;;????? ?????? ?? _?????_ ? ??????? ?????????;?;?;?;?;?;;S;?????;S f inan loc sg;;?;?;CONJ;;;?????? ?? ????? _?_ ??????? ????????? ,;?;;;;;;CONJ;?;CONJ;;???????;???????;ADV -;;;?? ????? ? _???????_ ????????? , ???;?;?;?;?;?;?;ADV;???????;ADV -;;?????????;??????????;V ipf praet sg indic m -;;;????? ? ??????? _?????????_ , ??? ????;?;?;?;?;?;?;V;??????????;V ipf praet sg indic m -;;,;,;PUNCT;;;;;;;;;;PUNCT;;;;???;???;CONJ;;;??????? ????????? , _???_ ???? ??? .;?;?;?;;;;CONJ;???;CONJ;;????;?;SPRO sg 1p - gen;;;????????? , ??? _????_ ??? . ??;?;?;?;?;;;SPRO;?;SPRO sg 1p - acc;;???;???;PRAEDIC;;;, ??? ???? _???_ . ?? ???;?;?;?;;;;PART;???;PART;;.;.;PUNCT;;;;;;;;;;PUNCT;;;;??;??;PART;;;???? ??? . _??_ ??? ??? .;?;?;;;;;PART;??;PART;;???;???;PART;;;??? . ?? _???_ ??? . ;?;?;?;;;;PART;???;PART;;???;???;ADVPRO;;;. ?? ??? _???_ .  ;?;?;?;;;;ADV;???;ADV -;;.;.;PUNCT;;;;;;;;;;PUNCT;;;;;;;;;;;;;;;;;;;# sent = 1696;;;;;;;;;;;;;;;;;???;???;SPRO n - nom sg;;;.   _???_ ????????  ;?;?;?;;;;S;???;S n - nom sg;;????????;????????;V pf praet sg indic n -;;;  ??? _????????_   ;?;?;?;?;?;?;V;????????;V pf praet sg indic n -;
